Ranking,Country,Shadow Economy,Shadow Economy Value,GDP 2023
,,% of GDP in 2023,(B),(B)
1,🇸🇱 Sierra Leone,64.5,$4.1,$6.4
2,🇳🇪 Niger,56.3,$9.5,$16.8
3,🇳🇵 Nepal,51,$20.9,$40.9
4,🇪🇹 Ethiopia,50.2,$80.2,$159.8
5,🇧🇮 Burundi,49.2,$2.1,$4.2
6,🇲🇱 Mali,46.8,$9.5,$20.2
7,🇹🇿 Tanzania,44.7,$35.4,$79.1
8,🇧🇫 Burkina Faso,43.8,$8.9,$20.3
9,🇨🇩 DRC,42.1,$28.2,$66.9
10,🇲🇿 Mozambique,39.8,$8.4,$21.0
11,🇰🇪 Kenya,38.4,$41.8,$108.8
12,🇲🇲 Myanmar,37.9,$24.4,$64.5
13,🇿🇲 Zambia,35.6,$10.0,$28.2
14,🇵🇰 Pakistan,35,$118.1,$337.5
15,🇸🇩 Sudan,34.9,$13.3,$38.1
16,🇨🇲 Cameroon,33.3,$16.4,$49.3
17,🇹🇯 Tajikistan,33.2,$4.0,$11.9
18,🇧🇯 Benin,32.9,$6.5,$19.7
19,🇨🇬 Congo,32.6,$4.6,$14.2
20,🇧🇴 Bolivia,32.1,$14.6,$45.5
21,🇵🇬 Papua New Guinea,31.4,$9.6,$30.7
22,🇺🇬 Uganda,31.1,$15.2,$48.8
23,🇱🇸 Lesotho,30.9,$0.6,$2.1
24,🇲🇼 Malawi,30.9,$3.9,$12.7
25,🇳🇮 Nicaragua,30.7,$5.5,$17.8
26,🇦🇴 Angola,30.2,$25.6,$84.8
27,🇳🇬 Nigeria,30,$109.1,$363.8
28,🇧🇩 Bangladesh,29,$126.8,$437.4
29,🇨🇮 Cote d'Ivoire,28.8,$22.7,$78.9
30,🇹🇬 Togo,28.1,$2.6,$9.2
31,🇦🇱 Albania,27.8,$6.5,$23.5
32,🇵🇪 Peru,27.1,$72.5,$267.6
33,🇲🇦 Morocco,27,$39.0,$144.4
34,🇬🇭 Ghana,26.8,$20.5,$76.4
35,🇭🇳 Honduras,26.7,$9.2,$34.4
36,🇪🇨 Ecuador,26.5,$31.5,$118.8
37,🇰🇭 Cambodia,26.4,$11.2,$42.3
38,🇿🇦 South Africa,26.3,$100.1,$380.7
39,🇮🇳 India,26.1,$931.1,"$3,567.6"
40,🇻🇳 Vietnam,25.1,$107.9,$429.7
41,🇮🇶 Iraq,24.8,$62.2,$250.8
42,🇺🇿 Uzbekistan,24.4,$24.8,$101.6
43,🇬🇹 Guatemala,24.3,$25.4,$104.5
44,🇩🇿 Algeria,24.2,$59.9,$247.6
45,🇹🇭 Thailand,24,$123.6,$515.0
46,🇮🇩 Indonesia,23.8,$326.3,"$1,371.2"
47,🇬🇦 Gabon,23.1,$4.5,$19.4
48,🇮🇷 Iran,22.5,$91.0,$404.6
49,🇬🇪 Georgia,22.1,$6.8,$30.8
50,🇪🇬 Egypt,21.2,$84.0,$396.0
51,🇹🇳 Tunisia,21.2,$10.3,$48.5
52,🇨🇴 Colombia,20.9,$76.0,$363.5
53,🇵🇾 Paraguay,20.9,$9.0,$43.0
54,🇵🇭 Philippines,20.7,$90.5,$437.1
55,🇧🇷 Brazil,20.6,$447.8,"$2,173.7"
56,🇨🇳 China,20.3,"$3,612.3","$17,794.8"
57,🇱🇰 SriLanka,20.1,$17.0,$84.4
58,🇸🇻 El Salvador,19.9,$6.8,$34.0
59,🇹🇲 Turkmenistan,19.7,$11.9,$60.6
60,🇱🇧 Lebanon,19.6,N/A,N/A
61,🇺🇦 Ukraine,19.3,$34.5,$178.8
62,🇦🇲 Armenia,18.9,$4.6,$24.1
63,🇧🇦 Bosnia and Herzegovina,18.6,$5.1,$27.5
64,🇧🇾 Belarus,18.3,$13.2,$71.9
65,🇯🇴 Jordan,18.3,$9.3,$51.0
66,🇲🇽 Mexico,17.9,$320.2,"$1,789.1"
67,🇦🇷 Argentina,17.8,$115.0,$646.1
68,🇦🇿 Azerbaijan,17.7,$12.8,$72.4
69,🇷🇸 Serbia,17.2,$14.0,$81.3
70,🇧🇼 Botswana,17,$3.3,$19.4
71,🇲🇰 North Macedonia,16.9,$2.7,$15.8
72,🇱🇾 Libya,16.3,$7.4,$45.1
73,🇩🇴 Dominican Republic,16.2,$19.7,$121.4
74,🇹🇷 Türkiye,16.1,$180.0,"$1,118.3"
75,🇨🇷 Costa Rica,13.8,$11.9,$86.5
76,🇲🇪 Montenegro,13.6,$1.0,$7.5
77,🇺🇾 Uruguay,13.5,$10.4,$77.2
78,🇷🇴 Romania,13.1,$46.0,$350.8
79,🇷🇺 Russia,13.1,$264.8,"$2,021.4"
80,🇲🇾 Malaysia,12.3,$49.2,$399.7
81,🇵🇦 Panama,12.1,$10.1,$83.3
82,🇬🇷 Greece,12,$29.2,$243.5
83,🇨🇱 Chile,11.9,$39.9,$335.5
84,🇬🇾 Guyana,11.8,$2.0,$17.2
85,🇰🇿 Kazakhstan,11.2,$29.4,$262.6
86,🇲🇺 Mauritius,10.6,$1.5,$14.6
87,🇧🇬 Bulgaria,10.5,$10.8,$102.4
88,🇵🇷 Puerto Rico,10.3,$12.1,$117.9
89,🇵🇱 Poland,9.7,$78.5,$809.2
90,🇭🇷 Croatia,9.3,$7.8,$84.4
91,🇱🇻 Latvia,9.3,$3.9,$42.2
92,🇵🇹 Portugal,9.3,$26.9,$289.1
93,🇭🇺 Hungary,9.2,$19.5,$212.4
94,🇸🇰 Slovak Republic,8.9,$11.8,$132.9
95,🇳🇿 New Zealand,8.2,$20.7,$252.2
96,🇸🇮 Slovenia,8,$5.5,$69.1
97,🇮🇹 Italy,7.8,$179.5,"$2,300.9"
98,🇮🇸 Iceland,7.6,$2.4,$31.3
99,🇰🇷 Korea,7.6,$130.2,"$1,712.8"
100,🇲🇹 Malta,7.5,$1.7,$22.3
101,🇪🇸 Spain,7.5,$121.5,"$1,620.1"
102,🇪🇪 Estonia,7.4,$3.1,$41.3
103,🇱🇹 Lithuania,7.4,$5.9,$79.8
104,🇩🇪 Germany,6.8,$307.7,"$4,525.7"
105,🇫🇷 France,6.7,$204.5,"$3,051.8"
106,🇯🇵 Japan,6.7,$281.7,"$4,204.5"
107,🇸🇪 Sweden,6.7,$39.2,$585.0
108,🇦🇹 Austria,6.6,$33.8,$511.7
109,🇧🇪 Belgium,6.6,$42.6,$644.8
110,🇫🇮 Finland,6.6,$19.5,$295.5
111,🇨🇿 Czechia,6.5,$22.3,$343.2
112,🇳🇴 Norway,6.4,$31.1,$485.3
113,🇴🇲 Oman,6.4,$7.0,$108.8
114,🇳🇱 Netherlands,6.3,$72.7,"$1,154.4"
115,🇱🇺 Luxembourg,6.1,$5.2,$85.8
116,🇩🇰 Denmark,5.9,$24.0,$407.1
117,🇦🇺 Australia,5.7,$98.5,"$1,728.1"
118,🇮🇱 Israel,5.5,$28.2,$513.6
119,🇧🇸 Bahamas,5.4,$0.8,$14.3
120,🇨🇾 Cyprus,5.3,$1.8,$33.9
121,🇬🇧 UK,5.3,$179.2,"$3,380.9"
122,🇸🇦 Saudi Arabia,5.2,$55.5,"$1,067.6"
123,🇮🇪 Ireland,5.1,$28.1,$551.4
124,🇨🇭 Switzerland,5.1,$45.1,$884.9
125,🇺🇸 United States,5,"$1,386.0","$27,720.7"
126,🇨🇦 Canada,4.5,$96.4,"$2,142.5"
127,🇰🇼 Kuwait,4,$6.5,$163.7
128,🇸🇬 Singapore,3.4,$17.0,$501.4
129,🇧🇭 Bahrain,2.5,$1.2,$46.1
130,🇶🇦 Qatar,2.2,$4.7,$213.0
131,🏳️ UAE,2.1,$10.8,$514.1
