ISO3,Country,M49_Region,M49_Subregion,WB_Region,Global_North_South,EGDI,OSI,TII,HCI,Penetration_Pct,Penetration_Year,p,Broadband_per100,Broadband_Year,HiTech_Pct,HiTech_Year,I_pen,I_bb,I_ht,T_adj_EGDI,T_adj_OSI,Phi_EGDI,Phi_OSI,R_facade,I_egov,Signed_Div,I_health,I_education,I_income,HDI_Standard,Rank_Standard,Tier_I,Tier_II,Tier_III,Exclusion_Reason,I_bb_T2,I_digital_T2,HDIN_T2,Rank_T2,I_digital_A,HDIN_A,Rank_A,I_digital_B,HDIN_B,Rank_B,I_digital_C,HDIN_C,Rank_C
ZMB,Zambia,Africa,Sub-Saharan Africa,Sub-Saharan Africa ,South,0.5424,0.4958,0.5088,0.6225,16.45070076,2023,0.1645070076,0.6814,2023,1.1636,2023,0.1645070076,0.0132,0.0182,0.08922860092224,0.08156257436808001,0.45317139907776,0.41423742563192,6.078768403784399,0.013000000000000012,-0.013000000000000012,0.6431,0.5489,0.5215,0.5690,153,1,1,1,,0.013169669173426414,0.057821290961360107,0.32120216155735881,157,0.0433,0.2988,141,0.0432,0.2986,140,0.0687,0.3353,140
KEN,Kenya,Africa,Sub-Saharan Africa,Sub-Saharan Africa ,South,0.6314,0.777,0.5902,0.5271,32.07040024,2023,0.32070400239999997,2.3888,2023,3.0417,2023,0.32070400239999997,0.0462,0.0475,0.20249250711535996,0.24918700986479997,0.42890749288464,0.5278129901352,3.1181400684633305,0.18680000000000008,0.18680000000000008,0.6470,0.5724,0.5850,0.6010,146,1,1,1,,0.046169218845730872,0.14419668889449916,0.42041554416688609,140,0.1093,0.3922,121,0.1038,0.3872,122,0.1427,0.4193,122
PAK,Pakistan,Asia,Southern Asia,"Middle East, North Africa, Afghanistan & Pakistan",South,0.5096,0.7042,0.4745,0.35,18.935,2020,0.18935,1.3562,2023,1.9028,2023,0.18935,0.0262,0.0297,0.09649276000000001,0.13334027,0.41310724000000004,0.57085973,5.281225244256667,0.22970000000000007,0.22970000000000007,0.7143,0.3667,0.6018,0.5400,164,1,1,1,,0.026211777712064722,0.078238197828725223,0.33324653728170095,153,0.0614,0.3137,137,0.0576,0.3086,138,0.0922,0.3472,137
RWA,Rwanda,Africa,Sub-Saharan Africa,Sub-Saharan Africa ,South,0.5799,0.8207,0.3724,0.5467,28.80579948,2023,0.2880579948,0.4456,2023,4.7847,2022,0.2880579948,0.0086,0.0748,0.16704483118452,0.23640919633236,0.41285516881548,0.5842908036676401,3.471523158710817,0.4483,0.4483,0.7251,0.4788,0.4747,0.5480,161,1,1,1,,0.0086122755850877759,0.074555032612398681,0.33293699912753089,154,0.0746,0.3330,133,0.0643,0.3209,134,0.0968,0.3554,135
UGA,Uganda,Africa,Sub-Saharan Africa,Sub-Saharan Africa ,South,0.4464,0.6069,0.2299,0.5023,9.286999702,2023,0.09286999702,0.0913,2023,1.4081,2023,0.09286999702,0.0018,0.0220,0.041457166669728,0.056362801191438,0.40494283333027203,0.550537198808562,10.767740196918982,0.377,0.377,0.6714,0.5272,0.4697,0.5500,159,1,1,1,,0.0017645887812354441,0.018939689476924412,0.23688498744978487,172,0.0197,0.2391,153,0.0175,0.2322,153,0.0344,0.2750,150
BGD,Bangladesh,Asia,Southern Asia,South Asia,South,0.6570,0.7374,0.6501,0.5834,44.50274195,2023,0.4450274195,7.8925,2023,,,0.4450274195,,,0.2923830146115,0.3281632191393,0.3646169853885,0.40923678086070003,2.247052554926899,0.08730000000000004,0.08730000000000004,0.8261,0.5778,0.6308,0.6700,129,1,1,0,HiTech_Pct missing or non-positive,0.15254125910077485,0.27075433086486606,0.53434200302669688,124,,,,,,,,,
CIV,Côte d'Ivoire,Africa,Sub-Saharan Africa,Sub-Saharan Africa ,South,0.5587,0.5219,0.6693,0.4848,40.65284979,2023,0.40652849789999995,1.3634,2023,4.4131,2023,0.40652849789999995,0.0264,0.0690,0.22712747177672996,0.21216722305400998,0.33157252822327005,0.30973277694599005,2.4598521509948004,0.14739999999999998,-0.14739999999999998,0.5987,0.4218,0.6019,0.5340,166,1,1,1,,0.0263509347681972,0.13449895063153441,0.37812881023401762,146,0.1138,0.3627,127,0.1094,0.3591,127,0.1455,0.3856,127
LKA,Sri Lanka,Asia,Southern Asia,South Asia,South,0.6667,0.5494,0.7936,0.657,51.2,2023,0.512,8.7655,2023,1.4172,2023,0.512,0.1694,0.0222,0.3413504,0.2812928,0.32534959999999996,0.2681072,1.953125,0.24419999999999997,-0.24419999999999997,0.8709,0.7539,0.7219,0.7800,78,1,1,1,,0.16941405215683775,0.30936648942214634,0.61881108702628185,104,0.1600,0.5248,103,0.1492,0.5157,103,0.1876,0.5461,102
NPL,Nepal,Asia,Southern Asia,South Asia,South,0.5781,0.4481,0.7653,0.521,45.80680084,2023,0.4580680084,10.6751,2023,0.6175,2022,0.4580680084,0.2063,0.0097,0.26480911565604,0.20526027456404,0.31329088434396,0.24283972543596002,2.183081947794021,0.3172,-0.3172,0.7767,0.5008,0.5582,0.6010,146,1,1,1,,0.20632159582219595,0.29250672830105923,0.50200822115726529,128,0.1247,0.4056,120,0.1133,0.3961,120,0.1512,0.4257,120
TZA,United Republic of Tanzania,Africa,Sub-Saharan Africa,Sub-Saharan Africa ,South,0.4327,0.4791,0.3792,0.4399,28.43190002,2023,0.2843190002,0.1050,2023,5.0681,2023,0.2843190002,0.0020,0.0792,0.12302483138654,0.13621723299582,0.30967516861346,0.34288276700418,3.5171761271549378,0.09990000000000004,0.09990000000000004,0.7197,0.4265,0.4909,0.5320,167,1,1,1,,0.0020293737352652971,0.041405074050593599,0.28104721365930324,163,0.0487,0.2927,144,0.0474,0.2908,144,0.0705,0.3210,142
BEN,Benin,Africa,Sub-Saharan Africa,Sub-Saharan Africa ,South,0.4578,0.5202,0.4817,0.3715,32.39400101,2023,0.32394001009999995,0.1709,2023,4.4180,2023,0.32394001009999995,0.0033,0.0691,0.14829973662378,0.16851359325401996,0.30950026337622,0.35168640674598,3.086991321915749,0.03849999999999998,0.03849999999999998,0.6147,0.3908,0.5329,0.5040,173,1,1,1,,0.0033030473462556122,0.054138546286101673,0.2885310256889958,161,0.0575,0.2930,143,0.0570,0.2922,143,0.0809,0.3191,144
MWI,Malawi,Africa,Sub-Saharan Africa,Sub-Saharan Africa ,South,0.3753,0.4625,0.1886,0.4749,17.98810346,2023,0.17988103460000002,0.0796,2023,5.3106,2023,0.17988103460000002,0.0015,0.0830,0.06750935228538,0.08319497850250002,0.30779064771462,0.3793050214975,5.559229755508644,0.27390000000000003,0.27390000000000003,0.6600,0.4944,0.4021,0.5080,172,1,1,1,,0.0015384585650201682,0.026534548808615631,0.24290812657026201,169,0.0353,0.2609,148,0.0326,0.2557,148,0.0560,0.2927,148
NGA,Nigeria,Africa,Sub-Saharan Africa,Sub-Saharan Africa ,South,0.4815,0.5372,0.4836,0.4236,40.06399918,2023,0.40063999180000004,0.0513,2023,3.5304,2023,0.40063999180000004,0.0010,0.0552,0.1929081560517,0.21522380359496002,0.28859184394829995,0.32197619640503994,2.4960064408627516,0.053600000000000037,0.053600000000000037,0.5174,0.5449,0.5833,0.5480,161,1,1,1,,0.00099149402494390229,0.042474831350104943,0.28909575719903008,160,0.0453,0.2939,142,0.0447,0.2929,142,0.0605,0.3158,145
ZWE,Zimbabwe,Africa,Sub-Saharan Africa,Sub-Saharan Africa ,South,0.4481,0.41,0.3947,0.5395,38.67480087,2023,0.3867480087,1.5746,2023,1.9422,2023,0.3867480087,0.0304,0.0304,0.17330178269847,0.158566683567,0.27479821730153003,0.25143331643300004,2.5856629575453067,0.01529999999999998,0.01529999999999998,0.6060,0.5999,0.4584,0.5500,159,1,1,1,,0.030432875081416542,0.1268210564369652,0.3812824936910934,144,0.0887,0.3487,131,0.0884,0.3484,130,0.1213,0.3771,129
MMR,Myanmar,Asia,South-eastern Asia,East Asia & Pacific,South,0.5001,0.3259,0.6662,0.5081,45.4477005,2020,0.45447700500000004,2.7983,2023,2.9463,2023,0.45447700500000004,0.0541,0.0461,0.22728395020050002,0.14811405592950003,0.2728160497995,0.17778594407050002,2.200331345697017,0.3403,-0.3403,0.7270,0.5523,0.5586,0.6080,144,1,1,1,,0.054083776413265533,0.17743906102647491,0.4466474964408565,138,0.1266,0.4105,119,0.1141,0.4000,119,0.1571,0.4333,119
GIN,Guinea,Africa,Sub-Saharan Africa,Sub-Saharan Africa ,South,0.4006,0.4808,0.4323,0.2887,32.31560135,2023,0.3231560135,0.0063,2022,,,0.3231560135,,,0.12945629900810002,0.1553734112908,0.2711437009919,0.3254265887092,3.0944805549781296,0.04849999999999999,0.04849999999999999,0.5998,0.3620,0.4803,0.4710,181,1,1,0,HiTech_Pct missing or non-positive,0.00012176242411591783,0.017206118312502919,0.20581528788687498,177,,,,,,,,,
IND,India,Asia,Southern Asia,South Asia,South,0.6678,0.8184,0.57,0.6149,60.25230026,2023,0.6025230026,2.7453,2023,14.9343,2023,0.6025230026,0.0531,0.2334,0.40236486113628,0.49310482532784,0.26543513886371994,0.32529517467216,1.6596876728105185,0.24840000000000007,0.24840000000000007,0.7345,0.5686,0.6407,0.6440,134,1,1,1,,0.053059425861179239,0.2343070780388587,0.50039123850575962,129,0.2341,0.5003,105,0.2180,0.4914,105,0.2663,0.5167,105
MDG,Madagascar,Africa,Sub-Saharan Africa,Sub-Saharan Africa ,South,0.3235,0.4045,0.1518,0.4141,18.24080086,2023,0.1824080086,0.1245,2023,0.4781,2023,0.1824080086,0.0024,0.0075,0.0590089907821,0.0737840394787,0.26449100921790003,0.33071596052130003,5.482215433823885,0.25270000000000004,0.25270000000000004,0.6958,0.4090,0.4054,0.4870,177,1,1,1,,0.0024062574289574236,0.029587031375147649,0.24171200300196924,170,0.0210,0.2218,154,0.0195,0.2178,154,0.0342,0.2507,154
SLB,Solomon Islands,Oceania,Melanesia,East Asia & Pacific,South,0.3681,0.497,0.1811,0.4262,28.67239952,2023,0.28672399519999997,0.1070,2022,,,0.28672399519999997,,,0.10554310263311999,0.14250182561439997,0.26255689736688,0.3544981743856,3.487674616498229,0.31589999999999996,0.31589999999999996,0.7806,0.4821,0.4719,0.5620,156,1,1,0,HiTech_Pct missing or non-positive,0.0020680284730798743,0.039702403920630736,0.28977313195758037,159,,,,,,,,,
TLS,Timor-Leste,Asia,South-eastern Asia,East Asia & Pacific,South,0.4020,0.3406,0.3551,0.5104,35.04199982,2021,0.3504199982,0.0058,2023,1.5261,2023,0.3504199982,0.0001,0.0239,0.1408688392764,0.11935305138692001,0.2611311607236,0.22124694861308,2.85371840972745,0.014500000000000013,-0.014500000000000013,0.7547,0.5685,0.4215,0.5660,155,1,1,1,,0.00011209873966227355,0.017687570463170953,0.23781686252473358,171,0.0191,0.2423,151,0.0190,0.2421,151,0.0271,0.2647,153
AGO,Angola,Africa,Sub-Saharan Africa,Sub-Saharan Africa ,South,0.4149,0.3962,0.3724,0.476,37.88589859,2023,0.37885898589999994,0.3737,2023,23.4714,2023,0.37885898589999994,0.0072,0.3669,0.15718859324990997,0.15010393021357998,0.25771140675009,0.24609606978641999,2.6395045048870784,0.023799999999999988,0.023799999999999988,0.6451,0.5328,0.6005,0.5910,150,1,1,1,,0.0072226377606537289,0.075485722803958183,0.35329888916141911,150,0.1121,0.3900,122,0.1114,0.3894,121,0.1560,0.4236,121
BWA,Botswana,Africa,Sub-Saharan Africa,Sub-Saharan Africa ,South,0.6118,0.3985,0.865,0.5719,57.9,2022,0.579,6.1650,2023,0.5395,2023,0.579,0.1192,0.0084,0.3542322,0.2307315,0.2575678,0.16776850000000001,1.7271157167530227,0.46649999999999997,-0.46649999999999997,0.7064,0.6647,0.7553,0.7080,114,1,1,1,,0.11915322931343388,0.29019558828082248,0.56639793974255181,120,0.1198,0.4540,116,0.1024,0.4365,118,0.1352,0.4680,117
TJK,Tajikistan,Asia,Central Asia,Europe & Central Asia,South,0.5606,0.4476,0.581,0.6531,54.41550064,2023,0.5441550064,0.9839,2023,15.2078,2023,0.5441550064,0.0190,0.2377,0.30505329658784003,0.24356378086464,0.25554670341215996,0.20403621913536,1.837711659800324,0.13339999999999996,-0.13339999999999996,0.7890,0.6780,0.5850,0.6790,126,1,1,1,,0.019016198267881198,0.14669231066111935,0.46287900012057626,135,0.1655,0.4771,110,0.1597,0.4728,108,0.2005,0.5005,107
PNG,Papua New Guinea,Oceania,Melanesia,East Asia & Pacific,South,0.3076,0.3392,0.1851,0.3984,18.56130028,2023,0.1856130028,0.2281,2023,10.2481,2023,0.1856130028,0.0044,0.1602,0.05709455966128,0.06295993054976,0.25050544033871996,0.27624006945024,5.387553592231416,0.15410000000000001,0.15410000000000001,0.7070,0.4735,0.5459,0.5680,154,1,1,1,,0.004408572847752517,0.036016406720485991,0.28483163207399992,162,0.0523,0.3127,139,0.0502,0.3094,137,0.0875,0.3556,134
GTM,Guatemala,Americas,Latin America and the Caribbean,Latin America & Caribbean ,South,0.5738,0.6538,0.5843,0.4834,56.72669983,2023,0.5672669983,5.0808,2023,5.7766,2023,0.5672669983,0.0982,0.0903,0.32549780362454,0.37087916348854005,0.24830219637545997,0.28292083651146,1.7628383159902217,0.0695,0.0695,0.7488,0.4880,0.6797,0.6290,136,1,1,1,,0.098198495944151629,0.26271213808957505,0.50541225310582372,127,0.2012,0.4728,112,0.1976,0.4707,111,0.2428,0.4955,110
CMR,Cameroon,Africa,Sub-Saharan Africa,Sub-Saharan Africa ,South,0.4294,0.3989,0.37,0.5193,42.24380112,2023,0.4224380112,2.1286,2022,2.1036,2023,0.4224380112,0.0411,0.0329,0.18139488200928,0.16851052266768,0.24800511799072,0.23038947733232,2.3672112203145415,0.02889999999999998,0.02889999999999998,0.6301,0.5896,0.5447,0.5870,151,1,1,1,,0.041140237456054392,0.1466284591988061,0.41503588661544288,141,0.1009,0.3780,124,0.1002,0.3773,124,0.1365,0.4077,124
ETH,Ethiopia,Africa,Sub-Saharan Africa,Sub-Saharan Africa ,South,0.3111,0.342,0.2659,0.3254,20.33749962,2023,0.2033749962,0.5348,2023,3.7506,2023,0.2033749962,0.0103,0.0586,0.06326996131781999,0.0695542487004,0.24783003868217998,0.2724457512996,4.9170252916272705,0.0761,0.0761,0.7022,0.3558,0.4781,0.4920,176,1,1,1,,0.010336276891617913,0.051044985783946964,0.27943747602020225,164,0.0528,0.2819,145,0.0518,0.2805,145,0.0877,0.3199,143
IDN,Indonesia,Asia,South-eastern Asia,East Asia & Pacific,South,0.7991,0.8035,0.8645,0.7293,69.20836554,2023,0.6920836554,4.8166,2023,9.0831,2023,0.6920836554,0.0931,0.1420,0.55304404903014,0.5560892171139,0.24605595096985997,0.24741078288609997,1.444912030789161,0.061000000000000054,-0.061000000000000054,0.7423,0.6734,0.7238,0.7130,112,1,1,1,,0.093092205078845996,0.32906160474259194,0.58740425846224453,116,0.2667,0.5573,92,0.2625,0.5552,92,0.2934,0.5708,92
TGO,Togo,Africa,Sub-Saharan Africa,Sub-Saharan Africa ,South,0.3920,0.4472,0.2474,0.4813,37.57020187,2023,0.3757020187,1.2282,2023,0.5736,2023,0.3757020187,0.0237,0.0090,0.14727519133039998,0.16801394276263998,0.24472480866960003,0.27918605723736,2.6616838617481724,0.19979999999999998,0.19979999999999998,0.6398,0.5464,0.4679,0.5470,163,1,1,1,,0.02373787449193179,0.10951450667800398,0.36584313140298685,147,0.0586,0.3129,138,0.0554,0.3085,139,0.0804,0.3386,138
SWZ,Eswatini,Africa,Sub-Saharan Africa,Sub-Saharan Africa ,South,0.6081,0.4557,0.7851,0.5836,61.33330154,2023,0.6133330154,2.7637,2023,0.2853,2023,0.6133330154,0.0534,0.0045,0.37296780666473994,0.27949585511777997,0.23513219333526,0.17620414488222003,1.6304356277769032,0.3294,-0.3294,0.5594,0.6056,0.6692,0.6100,142,1,1,1,,0.053415049449073347,0.23032642928156752,0.47802653959701197,133,0.0859,0.3736,126,0.0777,0.3644,126,0.0980,0.3860,126
SLE,Sierra Leone,Africa,Sub-Saharan Africa,Sub-Saharan Africa ,South,0.3042,0.3823,0.2585,0.2719,23.71360016,2023,0.23713600159999998,0.0023,2021,,,0.23713600159999998,,,0.07213677168672,0.09065709341167999,0.23206322831328005,0.29164290658832,4.216989378469811,0.12379999999999997,0.12379999999999997,0.6217,0.3678,0.4200,0.4580,184,1,1,0,HiTech_Pct missing or non-positive,4.4452948486763652e-05,0.0091274946955915426,0.17206730949426452,180,,,,,,,,,
BDI,Burundi,Africa,Sub-Saharan Africa,Sub-Saharan Africa ,South,0.2481,0.3146,0.0331,0.3966,7.172299862,2023,0.07172299862,0.0203,2023,1.3051,2023,0.07172299862,0.0004,0.0204,0.017794475957622,0.022564055365852,0.230305524042378,0.292035944634148,13.942529164155015,0.2815,0.2815,0.6458,0.3870,0.2965,0.4200,187,1,1,1,,0.00039234558881795744,0.0079409197127743684,0.15574930849160912,181,0.0101,0.1652,157,0.0093,0.1618,157,0.0211,0.1989,157
PAN,Panama,Americas,Latin America and the Caribbean,Latin America & Caribbean ,South,0.7298,0.6505,0.8523,0.6866,68.54851592,2023,0.6854851592,18.1341,2023,1.0005,2023,0.6854851592,0.3505,0.0156,0.50026706918416,0.44590809605959997,0.22953293081584003,0.2045919039404,1.4588207878447095,0.20179999999999998,-0.20179999999999998,0.8742,0.7233,0.8715,0.8200,57,1,1,1,,0.35048444050166117,0.49350274385697818,0.72214025932876935,79,0.2082,0.5820,87,0.1968,0.5739,86,0.2295,0.5963,87
MOZ,Mozambique,Africa,Sub-Saharan Africa,Sub-Saharan Africa ,South,0.2848,0.3959,0.0632,0.3952,19.94560051,2023,0.19945600509999997,0.1490,2023,2.7424,2023,0.19945600509999997,0.0029,0.0429,0.056805070252479994,0.07896463241908998,0.22799492974752,0.31693536758091,5.013636964696232,0.3327,0.3327,0.6096,0.4266,0.3778,0.4610,183,1,1,1,,0.0028797779671859932,0.031954429928840969,0.2367089665155109,173,0.0344,0.2411,152,0.0311,0.2351,152,0.0554,0.2717,152
SLV,El Salvador,Americas,Latin America and the Caribbean,Latin America & Caribbean ,South,0.5988,0.509,0.7526,0.5348,62.61989975,2023,0.6261989975,11.6272,2023,6.4040,2023,0.6261989975,0.2247,0.1001,0.37496795970299995,0.3187352897275,0.22383204029700002,0.19026471027250003,1.5969364435145077,0.24360000000000004,-0.24360000000000004,0.7919,0.5692,0.6778,0.6740,127,1,1,1,,0.22472318375882536,0.3750750152454787,0.58182011738896522,117,0.2696,0.5357,102,0.2514,0.5264,101,0.3106,0.5550,100
COD,Democratic Republic of the Congo,Africa,Sub-Saharan Africa,Sub-Saharan Africa ,South,0.2715,0.2067,0.1591,0.4487,18.96789932,2023,0.1896789932,0.0220,2023,0.1996,2023,0.1896789932,0.0004,0.0031,0.05149784665380001,0.03920664789444,0.22000215334620002,0.16749335210556,5.2720650986669195,0.0476,0.0476,0.6114,0.5063,0.3595,0.4810,180,1,1,1,,0.00042520211596034794,0.01607439270651646,0.20565615301373685,178,0.0107,0.1856,156,0.0105,0.1851,156,0.0186,0.2132,156
GNB,Guinea-Bissau,Africa,Sub-Saharan Africa,Sub-Saharan Africa ,South,0.3083,0.127,0.4902,0.3077,28.71240044,2023,0.2871240044,0.3104,2023,,,0.2871240044,,,0.08852033055652002,0.036464748558800004,0.21977966944347999,0.09053525144119999,3.4828157335353738,0.3632,-0.3632,0.6132,0.4150,0.4432,0.4830,179,1,1,0,HiTech_Pct missing or non-positive,0.005999215308822364,0.053423908683616468,0.27860981603114326,165,,,,,,,,,
TUN,Tunisia,Africa,Northern Africa,"Middle East, North Africa, Afghanistan & Pakistan",South,0.6935,0.5951,0.8357,0.6497,68.31552226,2021,0.6831552226,14.0830,2023,7.7011,2023,0.6831552226,0.2722,0.1204,0.4737681468731,0.4065456729692599,0.21973185312690005,0.18855432703074002,1.4637961724044648,0.24060000000000004,-0.24060000000000004,0.8348,0.6712,0.7001,0.7320,101,1,1,1,,0.27218733632134456,0.44495667086451129,0.64636532029262617,98,0.3209,0.5956,84,0.2996,0.5855,83,0.3553,0.6110,82
NAM,Namibia,Africa,Sub-Saharan Africa,Sub-Saharan Africa ,South,0.6007,0.4996,0.7288,0.5738,63.69549942,2023,0.6369549942,3.5201,2023,0.0810,2023,0.6369549942,0.0680,0.0013,0.38261886501594,0.31822271510232,0.21808113498406,0.18137728489767999,1.5699696353836987,0.22920000000000001,-0.22920000000000001,0.5855,0.5681,0.6830,0.6100,142,1,1,1,,0.0680342712905464,0.25499654016981688,0.49059901291121316,131,0.0677,0.3521,130,0.0634,0.3465,131,0.0778,0.3647,131
BFA,Burkina Faso,Africa,Sub-Saharan Africa,Sub-Saharan Africa ,South,0.2895,0.3376,0.364,0.1668,25.36120033,2023,0.2536120033,0.4595,2023,3.7978,2023,0.2536120033,0.0089,0.0594,0.07342067495535,0.08561941231408,0.21607932504465,0.25198058768592,3.9430310355503586,0.02639999999999998,-0.02639999999999998,0.6118,0.3021,0.4553,0.4380,185,1,1,1,,0.0088809260128990854,0.054888598653862239,0.26069637830563569,168,0.0560,0.2620,147,0.0556,0.2615,147,0.0907,0.2956,147
ECU,Ecuador,Americas,Latin America and the Caribbean,Latin America & Caribbean ,South,0.7800,0.8851,0.6834,0.7715,72.6943146,2023,0.726943146,16.0679,2023,7.2742,2023,0.726943146,0.3106,0.1137,0.56701565388,0.6434173785246,0.21298434612000003,0.2416826214754,1.375623397101264,0.2017,0.2017,0.8907,0.7119,0.7058,0.7650,83,1,1,1,,0.31055023086542161,0.50397514345037731,0.68914451534080934,86,0.3473,0.6279,71,0.3283,0.6191,71,0.3748,0.6399,72
NIC,Nicaragua,Americas,Latin America and the Caribbean,Latin America & Caribbean ,South,0.5318,0.4493,0.5851,0.561,60.30120087,2023,0.6030120087,5.4303,2023,0.8047,2023,0.6030120087,0.1050,0.0126,0.32068178622666005,0.27093329550891,0.21111821377334,0.17836670449108996,1.6583417669506189,0.13579999999999998,-0.13579999999999998,0.8402,0.5915,0.6033,0.6690,130,1,1,1,,0.10495341137724898,0.27277146618964965,0.53477047599225613,123,0.1264,0.4412,118,0.1219,0.4372,117,0.1518,0.4619,118
SEN,Senegal,Africa,Sub-Saharan Africa,Sub-Saharan Africa ,South,0.5163,0.4779,0.7329,0.338,59.18740082,2023,0.5918740082,1.9739,2023,1.6047,2023,0.5918740082,0.0382,0.0251,0.30558455043366,0.28285658851878,0.21071544956633997,0.19504341148121998,1.6895487656928672,0.255,-0.255,0.7371,0.3503,0.5355,0.5170,169,1,1,1,,0.038150293486096859,0.19037920774040931,0.40279714599678906,142,0.1147,0.3549,128,0.1066,0.3484,129,0.1368,0.3708,130
LSO,Lesotho,Africa,Sub-Saharan Africa,Sub-Saharan Africa ,South,0.4123,0.2864,0.4643,0.4862,48.98590088,2023,0.48985900880000005,0.3837,2023,0.0743,2023,0.48985900880000005,0.0074,0.0012,0.20196886932824,0.14029562012032,0.21033113067175996,0.14610437987967997,2.0414037142027546,0.1779,-0.1779,0.5082,0.5590,0.4983,0.5210,168,1,1,1,,0.0074159114497266143,0.090193108754640677,0.33614579127727851,152,0.0304,0.2561,149,0.0289,0.2530,149,0.0395,0.2734,151
BRB,Barbados,Americas,Latin America and the Caribbean,Latin America & Caribbean ,South,0.6815,0.4976,0.7624,0.7845,69.67510223,2023,0.6967510223,37.4843,2022,18.4336,2023,0.6967510223,0.7245,0.2881,0.47483582169745,0.34670330869648,0.20666417830255002,0.15089669130352001,1.4352329139022493,0.2648,-0.2648,0.8878,0.7889,0.7550,0.8090,62,1,1,1,,0.72447289433147599,0.62117563156070343,0.7570500886559357,63,0.5126,0.7216,49,0.4747,0.7078,50,0.5658,0.7396,47
HND,Honduras,Americas,Latin America and the Caribbean,Latin America & Caribbean ,South,0.4856,0.4587,0.4799,0.5182,58.0685997,2023,0.580685997,4.3621,2023,3.3089,2023,0.580685997,0.0843,0.0517,0.2819811201432,0.2663606668239,0.2036188798568,0.1923393331761,1.7221011100083408,0.021199999999999997,-0.021199999999999997,0.7804,0.5199,0.5989,0.6240,138,1,1,1,,0.084307915910483353,0.23988876731858882,0.4913605961477851,130,0.1635,0.4464,117,0.1626,0.4458,116,0.2038,0.4718,116
GRD,Grenada,Americas,Latin America and the Caribbean,Latin America & Caribbean ,South,0.6458,0.5056,0.6767,0.755,69.4131012,2023,0.694131012,29.7674,2022,3.0078,2023,0.694131012,0.5753,0.0470,0.44826980754960005,0.3509526396672001,0.1975301924504,0.1546473603328,1.4406502269920192,0.17109999999999992,-0.17109999999999992,0.8513,0.7892,0.7420,0.7930,73,1,1,1,,0.57532552121082103,0.56359205053441552,0.72804733838196711,73,0.3029,0.6234,73,0.2890,0.6161,72,0.3413,0.6423,70
FSM,Micronesia (Federated States of),Oceania,Micronesia,East Asia & Pacific,South,0.3235,0.2621,0.135,0.5735,39.39889908,2023,0.3939889908,5.8182,2022,,,0.3939889908,,,0.1274554385238,0.10326451448868,0.1960445614762,0.15883548551131998,2.5381419870882342,0.1271,0.1271,0.7835,0.5948,0.5458,0.6340,135,1,1,0,HiTech_Pct missing or non-positive,0.1124504977763862,0.17807431405396434,0.46132946420097309,136,,,,,,,,,
COG,Congo,Africa,Sub-Saharan Africa,Sub-Saharan Africa ,South,0.3391,0.276,0.2776,0.4638,43.15039825,2023,0.4315039825,1.2680,2023,3.1597,2023,0.4315039825,0.0245,0.0494,0.14632300046575,0.11909509917000001,0.19277699953425,0.15690490083000003,2.3174757141436118,0.0015999999999999903,-0.0015999999999999903,0.6624,0.6199,0.5088,0.5930,149,1,1,1,,0.024507103774441874,0.1156635360611515,0.39427240503529515,143,0.0935,0.3739,125,0.0935,0.3738,125,0.1325,0.4079,123
MLI,Mali,Africa,Sub-Saharan Africa,Sub-Saharan Africa ,South,0.3005,0.3334,0.4432,0.125,36.03879929,2023,0.3603879929,0.7742,2022,5.3607,2023,0.3603879929,0.0150,0.0838,0.10829659186644999,0.12015335683285999,0.19220340813355,0.21324664316713998,2.7747872284898203,0.10980000000000001,-0.10980000000000001,0.6064,0.2497,0.4558,0.4100,188,1,1,1,,0.01496324900802279,0.083586665794856865,0.27559559037844239,167,0.0836,0.2756,146,0.0812,0.2736,146,0.1236,0.3039,146
MRT,Mauritania,Africa,Sub-Saharan Africa,Sub-Saharan Africa ,South,0.3491,0.1688,0.5824,0.2962,44.95629883,2023,0.4495629883,0.5904,2023,2.3506,2023,0.4495629883,0.0114,0.0367,0.15694243921553003,0.07588623242504,0.19215756078447,0.09291376757495999,2.224382402522614,0.4136,-0.4136,0.6876,0.3821,0.6010,0.5400,164,1,1,1,,0.011410878602863156,0.093028641187858252,0.34813766634713295,151,0.0737,0.3285,135,0.0645,0.3177,135,0.0966,0.3514,136
ZAF,South Africa,Africa,Sub-Saharan Africa,Sub-Saharan Africa ,South,0.8616,0.8872,0.8951,0.8026,78.33670044,2023,0.7833670044000001,3.4057,2023,4.9555,2023,0.7833670044000001,0.0658,0.0775,0.6749490109910401,0.6950032063036801,0.18665098900895996,0.19219679369631995,1.276540873413381,0.007900000000000018,-0.007900000000000018,0.6382,0.7831,0.7374,0.7170,110,1,1,1,,0.065823220287552595,0.32649143193309282,0.58896194785373812,115,0.2279,0.5383,101,0.2274,0.5380,98,0.2434,0.5473,101
GHA,Ghana,Africa,Sub-Saharan Africa,Sub-Saharan Africa ,South,0.6317,0.6084,0.7281,0.5586,70.67430115,2023,0.7067430115000001,0.5555,2023,2.1100,2023,0.7067430115000001,0.0107,0.0330,0.4464495603645501,0.4299824481966001,0.18525043963544996,0.17841755180339997,1.4149414762200303,0.11969999999999992,-0.11969999999999992,0.6761,0.5363,0.6020,0.6020,145,1,1,1,,0.010736353427998786,0.15018627320460765,0.42551156294712422,139,0.1028,0.3870,123,0.0996,0.3840,123,0.1166,0.3995,125
TON,Tonga,Oceania,Polynesia,East Asia & Pacific,South,0.5164,0.322,0.4784,0.7488,64.13140106,2023,0.6413140106,8.1739,2022,28.4603,2023,0.6413140106,0.1580,0.4448,0.33117455507384,0.20650311141320002,0.18522544492615997,0.11549688858679999,1.5592985393604932,0.15639999999999998,-0.15639999999999998,0.7888,0.8151,0.6273,0.7390,98,1,1,1,,0.15797998071128583,0.32253480157620024,0.60056140121478829,113,0.3495,0.6128,78,0.3350,0.6063,78,0.4164,0.6402,71
NER,Niger,Africa,Sub-Saharan Africa,Sub-Saharan Africa ,South,0.2116,0.3084,0.1578,0.1685,12.98079967,2023,0.12980799669999998,0.1076,2023,8.9668,2023,0.12980799669999998,0.0021,0.1402,0.027467372101719997,0.04003278618228,0.18413262789828,0.26836721381772,7.703685638960332,0.1506,0.1506,0.6474,0.2443,0.3855,0.3940,189,1,1,1,,0.0020796248944242473,0.019499995989403177,0.1856901070599371,179,0.0319,0.2101,155,0.0307,0.2079,155,0.0623,0.2482,155
GAB,Gabon,Africa,Sub-Saharan Africa,Sub-Saharan Africa ,South,0.5741,0.3188,0.8263,0.5772,68.19789886,2023,0.6819789886,3.9729,2023,1.7731,2023,0.6819789886,0.0768,0.0277,0.39152413735526,0.21741490156567997,0.18257586264474004,0.10138509843432,1.4663208349759416,0.5075000000000001,-0.5075000000000001,0.7030,0.6637,0.7127,0.6930,123,1,1,1,,0.076785703931766661,0.27369695682734901,0.54925746418700094,122,0.1544,0.4760,111,0.1293,0.4554,114,0.1705,0.4880,112
MDA,Republic of Moldova,Europe,Eastern Europe,Europe & Central Asia,North,0.7720,0.7264,0.8118,0.7776,76.50330353,2023,0.7650330353,27.3086,2023,2.6171,2023,0.7650330353,0.5278,0.0409,0.5906055032516,0.5557199968419201,0.1813944967484,0.17068000315808002,1.3071330960340295,0.08539999999999992,-0.08539999999999992,0.7480,0.8085,0.7348,0.7630,86,1,1,1,,0.52780338654157999,0.62013077383469695,0.72453357132333662,77,0.3143,0.6113,79,0.3073,0.6079,77,0.3409,0.6238,77
ATG,Antigua and Barbuda,Americas,Latin America and the Caribbean,Latin America & Caribbean ,South,0.6428,0.4166,0.7943,0.7176,72.12409973,2023,0.7212409973,10.6818,2022,0.0000,2023,0.7212409973,,,0.46361371306444005,0.30046899947518,0.17918628693556,0.11613100052482,1.3864991088187548,0.3777,-0.3777,0.9113,0.7824,0.7909,0.8260,54,1,1,0,HiTech_Pct missing or non-positive,0.20645108919387478,0.41022105985827945,0.6935175169065031,84,,,,,,,,,
KHM,Cambodia,Asia,South-eastern Asia,East Asia & Pacific,South,0.5754,0.4503,0.7609,0.5149,68.92549896,2023,0.6892549896,3.6418,2023,12.9853,2023,0.6892549896,0.0704,0.2030,0.39659732101584,0.31037152181688,0.17880267898416002,0.13992847818312001,1.4508418728754315,0.31060000000000004,-0.31060000000000004,0.7676,0.4944,0.5678,0.6000,148,1,1,1,,0.070386412086563419,0.26796177191079862,0.49019673505245742,132,0.2500,0.4818,108,0.2278,0.4707,110,0.2830,0.4969,109
STP,Sao Tome and Principe,Africa,Sub-Saharan Africa,Sub-Saharan Africa ,South,0.4308,0.2156,0.4839,0.5929,58.70130157,2023,0.5870130157,2.5014,2023,29.2734,2023,0.5870130157,0.0483,0.4576,0.25288520716356,0.12656000618492,0.17791479283644002,0.08903999381508002,1.7035397397577672,0.2683,-0.2683,0.7507,0.5490,0.5593,0.6130,141,1,1,1,,0.048345480584691562,0.19288968892539229,0.45919605473411079,137,0.2394,0.4847,107,0.2214,0.4753,107,0.2950,0.5107,106
COL,Colombia,Americas,Latin America and the Caribbean,Latin America & Caribbean ,South,0.7793,0.7521,0.8065,0.7793,77.33686322,2023,0.7733686322,17.0370,2023,8.5999,2023,0.7733686322,0.3293,0.1344,0.60268617507346,0.58165054827762,0.17661382492654004,0.17044945172238002,1.2930444271515154,0.054400000000000004,-0.054400000000000004,0.8255,0.6965,0.7570,0.7580,91,1,1,1,,0.32928038407347493,0.53540351004590137,0.69479042216920539,83,0.3790,0.6373,67,0.3737,0.6351,65,0.4109,0.6503,68
COM,Comoros,Africa,Sub-Saharan Africa,Sub-Saharan Africa ,South,0.2586,0.023,0.3537,0.3992,31.92749977,2023,0.3192749977,0.3879,2023,3.1391,2023,0.3192749977,0.0075,0.0491,0.08256451440522,0.0073433249471,0.17603548559478,0.0156566750529,3.13209617791503,0.3307,-0.3307,0.6720,0.5691,0.5264,0.5860,152,1,1,1,,0.0074970863991372259,0.058248348855785614,0.32907079437582054,155,0.0558,0.3256,136,0.0505,0.3175,136,0.0836,0.3602,132
AFG,Afghanistan,Asia,Southern Asia,"Middle East, North Africa, Afghanistan & Pakistan",South,0.2083,0.1438,0.2167,0.2643,15.92840004,2023,0.1592840004,0.0801,2023,,,0.1592840004,,,0.03317885728332,0.02290503925752,0.17512114271668,0.12089496074248,6.278094456999838,0.07289999999999999,-0.07289999999999999,0.6597,0.3812,0.3915,0.4620,182,1,1,0,HiTech_Pct missing or non-positive,0.0015481222494738124,0.020150211566742047,0.21104627354697386,176,,,,,,,,,
FJI,Fiji,Oceania,Melanesia,East Asia & Pacific,South,0.6754,0.5343,0.7507,0.7413,74.1160965,2023,0.741160965,1.8295,2023,1.6468,2023,0.741160965,0.0354,0.0257,0.5005801157609999,0.39600230359949995,0.17481988423900002,0.13829769640050002,1.3492345755149153,0.21640000000000004,-0.21640000000000004,0.7433,0.7304,0.7132,0.7290,104,1,1,1,,0.035359421415884391,0.23584703865407255,0.54972016077241581,121,0.1356,0.4786,109,0.1275,0.4714,109,0.1491,0.4902,111
EGY,Egypt,Africa,Northern Africa,"Middle East, North Africa, Afghanistan & Pakistan",South,0.6699,0.7002,0.6946,0.615,74.01190186,2023,0.7401190186,10.8642,2023,3.1629,2023,0.7401190186,0.2100,0.0494,0.49580573056014,0.51823133682372,0.17409426943986003,0.18196866317628005,1.351134040429859,0.005600000000000049,0.005600000000000049,0.7717,0.6869,0.7277,0.7280,105,1,1,1,,0.2099764012825642,0.42552772825247942,0.63651048804978183,100,0.2484,0.5564,94,0.2481,0.5562,91,0.2801,0.5733,91
MHL,Marshall Islands,Oceania,Micronesia,East Asia & Pacific,South,0.4823,0.3586,0.3047,0.7836,64.07589722,2023,0.6407589722,2.3505,2022,,,0.6407589722,,,0.30903805229206,0.22977616743091997,0.17326194770794,0.12882383256908,1.5606492353381674,0.05389999999999995,0.05389999999999995,0.6946,0.8824,0.6386,0.7310,102,1,1,0,HiTech_Pct missing or non-positive,0.045428980616581724,0.20797599718352344,0.53414676437596587,125,,,,,,,,,
LBR,Liberia,Africa,Sub-Saharan Africa,Sub-Saharan Africa ,South,0.2513,0.2634,0.1238,0.3669,31.22410011,2023,0.31224100109999997,0.2747,2022,0.6437,2023,0.31224100109999997,0.0053,0.0101,0.07846616357643,0.08224427968974,0.17283383642357003,0.18115572031026003,3.2026543486508188,0.13960000000000003,0.13960000000000003,0.6323,0.4680,0.3909,0.4870,177,1,1,1,,0.0053092282388321633,0.050668095668323483,0.27668927271289923,166,0.0338,0.2501,150,0.0326,0.2478,150,0.0530,0.2799,149
LCA,Saint Lucia,Americas,Latin America and the Caribbean,Latin America & Caribbean ,South,0.5255,0.3229,0.6498,0.6037,67.44390106,2023,0.6744390106,13.5719,2022,9.3322,2020,0.6744390106,0.2623,0.1459,0.3544177000703,0.21777635652274002,0.17108229992969998,0.10512364347726001,1.4827137580763186,0.3269,-0.3269,0.7891,0.6390,0.7546,0.7250,108,1,1,1,,0.26230911807282942,0.39727431816227182,0.62353386893561424,101,0.3092,0.5857,85,0.2801,0.5714,88,0.3563,0.6068,83
VNM,Viet Nam,Asia,South-eastern Asia,East Asia & Pacific,South,0.7709,0.7081,0.878,0.7267,78.08,2023,0.7807999999999999,22.6807,2023,44.2569,2023,0.7807999999999999,0.4384,0.6918,0.60191872,0.5528844799999999,0.16898128000000007,0.15521552000000002,1.2807377049180328,0.16990000000000005,-0.16990000000000005,0.8397,0.6444,0.7075,0.7260,107,1,1,1,,0.43835825597553929,0.59061202056823103,0.68956800517465111,85,0.6144,0.6964,55,0.5865,0.6884,56,0.6585,0.7086,54
PHL,Philippines,Asia,South-eastern Asia,East Asia & Pacific,South,0.7621,0.8054,0.7554,0.7256,77.86699677,2023,0.7786699677,6.5393,2023,63.9779,2023,0.7786699677,0.1264,1.0000,0.59342438238417,0.6271407919855799,0.16867561761583003,0.17825920801442002,1.284241131006702,0.050000000000000044,0.050000000000000044,0.8029,0.6541,0.6807,0.7100,113,1,1,1,,0.12638746349543198,0.38797844947873428,0.61026328178108302,109,0.4916,0.6475,64,0.4853,0.6454,64,0.5346,0.6612,63
ARM,Armenia,Asia,Western Asia,Europe & Central Asia,South,0.8422,0.7922,0.8782,0.8561,79.99663036,2023,0.7999663036,18.5458,2023,20.9052,2023,0.7999663036,0.3584,0.3268,0.67373162089192,0.63373330571192,0.16846837910808,0.15846669428808002,1.250052652842764,0.08599999999999997,-0.08599999999999997,0.8211,0.7778,0.7607,0.7860,76,1,1,1,,0.3584415182807919,0.57808581260786074,0.72797661665608804,74,0.5012,0.7025,53,0.4901,0.6985,53,0.5316,0.7129,53
PER,Peru,Americas,Latin America and the Caribbean,Latin America & Caribbean ,South,0.8070,0.8377,0.8364,0.7469,79.48484477,2023,0.7948484477,10.4364,2023,5.0157,2023,0.7948484477,0.2017,0.0784,0.6414426972939,0.66584454463829,0.16555730270610003,0.17185545536171004,1.2581014693978876,0.0012999999999999678,0.0012999999999999678,0.8213,0.7451,0.7221,0.7620,87,1,1,1,,0.20170815286402616,0.46851325537293748,0.67454185632851893,91,0.2997,0.6032,81,0.2996,0.6032,80,0.3231,0.6147,81
UKR,Ukraine,Europe,Eastern Europe,Europe & Central Asia,North,0.8841,0.9854,0.8428,0.824,81.58059692,2023,0.8158059692,21.3774,2023,6.6881,2023,0.8158059692,0.4132,0.1045,0.72125405736972,0.8038952020496801,0.16284594263027996,0.18150479795031998,1.2257816659280212,0.14260000000000006,0.14260000000000006,0.7471,0.7410,0.7156,0.7340,100,1,1,1,,0.41316889607867013,0.62411926626624392,0.70515358204812062,81,0.3993,0.6306,69,0.3842,0.6246,69,0.4163,0.6373,74
BGR,Bulgaria,Europe,Eastern Europe,Europe & Central Asia,North,0.8145,0.7727,0.9171,0.7538,80.38956462,2023,0.8038956462,37.0236,2023,12.0579,2023,0.8038956462,0.7156,0.1885,0.6547730038299,0.6211701658187401,0.15972699617010003,0.15152983418126004,1.2439425499155041,0.14439999999999997,-0.14439999999999997,0.7927,0.7657,0.8395,0.7990,70,1,1,1,,0.71556877547588815,0.72218302226658315,0.77885904904382364,57,0.5162,0.7161,51,0.4964,0.7092,49,0.5468,0.7265,50
PRY,Paraguay,Americas,Latin America and the Caribbean,Latin America & Caribbean ,South,0.7251,0.6712,0.7947,0.7093,78.09481878,2023,0.7809481878,12.8836,2023,9.9657,2023,0.7809481878,0.2490,0.1558,0.56626553097378,0.52417242365136,0.15883446902622,0.14702757634864003,1.28049468021315,0.12349999999999994,-0.12349999999999994,0.7765,0.6818,0.7371,0.7310,102,1,1,1,,0.2490060900539427,0.47931104746511088,0.65763599646143545,93,0.3619,0.6130,77,0.3502,0.6080,76,0.3938,0.6261,76
CPV,Cabo Verde,Africa,Sub-Saharan Africa,Sub-Saharan Africa ,South,0.6238,0.6892,0.6128,0.5694,74.59919739,2023,0.7459919739,7.2301,2023,1.1522,2023,0.7459919739,0.1397,0.0180,0.46534979331882004,0.51413766841188,0.15845020668117998,0.17506233158811998,1.3404969959288726,0.07640000000000002,0.07640000000000002,0.8419,0.5233,0.6542,0.6610,131,1,1,1,,0.13973880993658691,0.36470655872217234,0.569398527104513,119,0.1719,0.4718,113,0.1685,0.4695,112,0.1946,0.4867,113
TCD,Chad,Africa,Sub-Saharan Africa,Sub-Saharan Africa ,South,0.1785,0.2674,0.1195,0.1488,12.03590012,2023,0.12035900120000001,0.0000,2023,,,0.12035900120000001,,,0.0214840817142,0.032183996920880004,0.1570159182858,0.23521600307912002,8.3084770563882,0.14790000000000003,0.14790000000000003,0.5076,0.3035,0.3974,0.3940,189,1,0,0,Broadband_per100 missing or non-positive,,,,,,,,,,,,,
LAO,Lao People's Democratic Republic,Asia,South-eastern Asia,East Asia & Pacific,South,0.4404,0.3265,0.5338,0.4608,64.39800262,2023,0.6439800261999999,2.7202,2023,7.4196,2023,0.6439800261999999,0.0526,0.1160,0.28360880353848,0.2102594785543,0.15679119646152004,0.11624052144570002,1.5528431928251007,0.20730000000000004,-0.20730000000000004,0.7538,0.4812,0.6570,0.6200,139,1,1,1,,0.052574308901606297,0.21254712058807235,0.47440645193260533,134,0.1827,0.4568,115,0.1724,0.4502,115,0.2226,0.4799,114
MUS,Mauritius,Africa,Sub-Saharan Africa,Sub-Saharan Africa ,South,0.7506,0.5903,0.9159,0.7456,79.5,2023,0.795,26.9082,2023,1.0145,2023,0.795,0.5201,0.0159,0.5967270000000001,0.46928850000000005,0.15387299999999998,0.12101149999999998,1.2578616352201257,0.3256,-0.3256,0.8304,0.7389,0.8231,0.7960,72,1,1,1,,0.52006470803110161,0.6271913598095652,0.75020752993044237,64,0.2501,0.5962,83,0.2266,0.5817,84,0.2639,0.6042,85
BOL,Bolivia,Americas,Latin America and the Caribbean,Latin America & Caribbean ,South,0.6651,0.5987,0.7089,0.6877,77.30039978,2023,0.7730039978000001,11.1529,2023,8.1652,2023,0.7730039978000001,0.2156,0.1276,0.51412495893678,0.46279749348286003,0.15097504106321996,0.13590250651713998,1.2936543702827406,0.11019999999999996,-0.11019999999999996,0.6912,0.7449,0.6617,0.6980,120,1,1,1,,0.2155562126860984,0.44082916969978747,0.62252714103747209,103,0.3234,0.5761,89,0.3141,0.5719,87,0.3584,0.5911,88
CUB,Cuba,Americas,Latin America and the Caribbean,Latin America & Caribbean ,South,0.4921,0.2298,0.5318,0.7148,69.55580139,2023,0.6955580138999999,2.9712,2023,7.8756,2022,0.6955580138999999,0.0574,0.1231,0.34228409864018994,0.15983923159421998,0.14981590135981002,0.06996076840578001,1.4376945991794288,0.30200000000000005,-0.30200000000000005,0.8947,0.7535,0.6610,0.7640,85,1,1,1,,0.057425478497335723,0.23911577863589289,0.57133732505126245,118,0.2025,0.5481,98,0.1851,0.5359,99,0.2358,0.5693,94
HRV,Croatia,Europe,Southern Europe,Europe & Central Asia,North,0.8818,0.8735,0.918,0.8538,83.24117599,2023,0.8324117599,28.4710,2023,11.0336,2023,0.8324117599,0.5503,0.1725,0.73402068987982,0.7271116722726501,0.14777931012017997,0.14638832772734997,1.2013285349550238,0.044499999999999984,-0.044499999999999984,0.9113,0.8435,0.8819,0.8780,39,1,1,1,,0.55026952015941211,0.69535618522706744,0.82859685481060985,40,0.4907,0.7594,39,0.4852,0.7573,37,0.5149,0.7686,37
MEX,Mexico,Americas,Latin America and the Caribbean,Latin America & Caribbean ,South,0.7850,0.7637,0.831,0.7603,81.18318755,2023,0.8118318755,20.7529,2023,17.9939,2023,0.8118318755,0.4011,0.2813,0.6372880222675,0.61999600331935,0.1477119777325,0.14370399668064998,1.231782133935193,0.06729999999999992,-0.06729999999999992,0.8436,0.7103,0.7937,0.7810,77,1,1,1,,0.40109895419606845,0.5920401068475134,0.72844450840872632,72,0.4915,0.6953,56,0.4830,0.6923,55,0.5271,0.7076,55
KNA,Saint Kitts and Nevis,Americas,Latin America and the Caribbean,Latin America & Caribbean ,South,0.6305,0.3039,0.8675,0.7202,76.58950043,2023,0.7658950043,46.7447,2022,,,0.7658950043,,,0.48289680021114995,0.23275549180677002,0.14760319978884998,0.07114450819323,1.3056619959467726,0.5636000000000001,-0.5636000000000001,0.8004,0.8616,0.8535,0.8380,51,1,1,0,HiTech_Pct missing or non-positive,0.9034520613605308,0.69392024667785479,0.79943188095730489,51,,,,,,,,,
BLZ,Belize,Americas,Latin America and the Caribbean,Latin America & Caribbean ,South,0.4872,0.4055,0.5292,0.527,70.18720245,2023,0.7018720245,9.7539,2022,0.0000,2023,0.7018720245,,,0.3419520503364,0.28460910593475003,0.14524794966360002,0.12089089406525003,1.4247611602875618,0.12369999999999998,-0.12369999999999998,0.7840,0.6401,0.6837,0.7000,118,1,1,0,HiTech_Pct missing or non-positive,0.18851722358480172,0.35633465380128759,0.59131906620985153,114,,,,,,,,,
VCT,Saint Vincent and the Grenadines,Americas,Latin America and the Caribbean,Latin America & Caribbean ,South,0.5876,0.3906,0.6768,0.6956,75.53679657,2023,0.7553679657000001,30.4936,2023,4.9344,2023,0.7553679657000001,0.5894,0.0771,0.44385421664532004,0.29504672740242005,0.14374578335467994,0.09555327259757997,1.3238581001688352,0.28619999999999995,-0.28619999999999995,0.7534,0.8180,0.7470,0.7720,81,1,1,1,,0.589361056511294,0.58245196682338241,0.71959793661090132,80,0.3514,0.6342,68,0.3230,0.6210,70,0.3917,0.6516,67
DZA,Algeria,Africa,Northern Africa,"Middle East, North Africa, Afghanistan & Pakistan",South,0.5956,0.332,0.8129,0.6418,76.19760132,2023,0.7619760132000001,12.0087,2023,,,0.7619760132000001,,,0.45383291346192006,0.2529760363824,0.14176708653807996,0.07902396361759997,1.3123772699883198,0.48089999999999994,-0.48089999999999994,0.8789,0.6631,0.7097,0.7450,93,1,1,0,HiTech_Pct missing or non-positive,0.23209657499695593,0.4313555004305335,0.64991589625790069,97,,,,,,,,,
GEO,Georgia (Country),Asia,Western Asia,Europe & Central Asia,South,0.7792,0.5652,0.9071,0.8654,81.88425624,2023,0.8188425624,29.3086,2023,2.2930,2023,0.8188425624,0.5665,0.0358,0.63804212462208,0.46280981626848,0.14115787537792002,0.10239018373152002,1.2212359810279447,0.3419,-0.3419,0.7936,0.8880,0.7662,0.8140,60,1,1,1,,0.56645812435615706,0.666406447747241,0.77450458081288265,59,0.3209,0.6452,66,0.2890,0.6285,67,0.3344,0.6519,66
JPN,Japan,Asia,Eastern Asia,East Asia & Pacific,North,0.9351,0.9427,0.9509,0.9117,85.00990295,2023,0.8500990294999999,38.6312,2023,17.1028,2023,0.8500990294999999,0.7466,0.2673,0.79492760248545,0.8013883551096499,0.14017239751455007,0.14131164489035006,1.1763335391503351,0.008199999999999985,-0.008199999999999985,0.9972,0.8516,0.9182,0.9200,24,1,1,1,,0.74663945373124518,0.79610315356569061,0.88762829705141766,25,0.6060,0.8291,20,0.6048,0.8287,20,0.6295,0.8370,20
MNG,Mongolia,Asia,Eastern Asia,East Asia & Pacific,South,0.8457,0.8222,0.9374,0.7775,83.74320221,2023,0.8374320221000001,14.5529,2023,22.5366,2023,0.8374320221000001,0.2813,0.3523,0.7082162610899702,0.6885366085706202,0.1374837389100299,0.1336633914293799,1.194126775200611,0.11519999999999997,-0.11519999999999997,0.8103,0.7174,0.7008,0.7410,96,1,1,1,,0.28126926697087945,0.55048553686712431,0.68815584716340072,88,0.4924,0.6692,58,0.4775,0.6641,59,0.5162,0.6772,58
ERI,Eritrea,Africa,Sub-Saharan Africa,Sub-Saharan Africa ,South,0.1576,0.0,0.1405,0.3324,14.34939957,2020,0.1434939957,0.1654,2022,,,0.1434939957,,,0.022614653722319997,0.0,0.13498534627768,0.0,6.968932707753709,0.1405,-0.1405,0.7170,0.3730,0.4492,0.4930,175,1,1,0,HiTech_Pct missing or non-positive,0.0031967468172655251,0.021809412707637393,0.22624444591201909,175,,,,,,,,,
ALB,Albania,Europe,Southern Europe,Europe & Central Asia,North,0.8000,0.8144,0.775,0.8106,83.13559161,2023,0.8313559161,22.5049,2023,0.6823,2023,0.8313559161,0.4350,0.0107,0.66508473288,0.67705625807184,0.13491526712,0.13734374192815998,1.2028542536764897,0.03939999999999999,0.03939999999999999,0.8744,0.7398,0.7598,0.7890,74,1,1,1,,0.43496050452163798,0.62187714778298298,0.74354471451288928,66,0.2250,0.5767,88,0.2228,0.5752,85,0.2403,0.5862,89
BRA,Brazil,Americas,Latin America and the Caribbean,Latin America & Caribbean ,South,0.8403,0.9063,0.8069,0.8077,84.15060238,2023,0.8415060238,22.4192,2023,9.8491,2023,0.8415060238,0.4333,0.1539,0.70711751179914,0.7626569093699399,0.13318248820086004,0.14364309063006006,1.1883456228682556,0.09940000000000004,0.09940000000000004,0.8219,0.7087,0.7530,0.7600,89,1,1,1,,0.43330414900628333,0.63647383742836505,0.72688253900976729,75,0.4464,0.6652,61,0.4348,0.6608,60,0.4688,0.6734,59
GMB,Gambia,Africa,Sub-Saharan Africa,Sub-Saharan Africa ,South,0.2552,0.0955,0.3877,0.2823,48.72829819,2023,0.48728298189999997,0.5021,2023,2.3423,2023,0.48728298189999997,0.0097,0.0366,0.12435461698087999,0.046535524771449996,0.13084538301912,0.048964475228550006,2.052195617628238,0.2922,-0.2922,0.6601,0.3998,0.4591,0.4950,174,1,1,1,,0.0097042719283495782,0.083779038530988503,0.31741233273595948,158,0.0681,0.3014,140,0.0625,0.2950,141,0.0956,0.3281,141
GRC,Greece,Europe,Southern Europe,Europe & Central Asia,North,0.8674,0.8145,0.8657,0.9219,85.0102229,2023,0.850102229,43.8540,2023,15.1515,2023,0.850102229,0.8476,0.2368,0.7373786734346,0.6924082655204999,0.1300213265654,0.12209173447950002,1.1763291118249732,0.05120000000000002,-0.05120000000000002,0.9325,0.8803,0.8684,0.8930,33,1,1,1,,0.84758243606023176,0.80993075793895764,0.87168949518597805,31,0.5956,0.8072,28,0.5878,0.8046,26,0.6240,0.8167,28
VEN,Venezuela,Americas,Latin America and the Caribbean,Latin America & Caribbean ,South,0.5360,0.3576,0.5391,0.7115,76.33190155,2023,0.7633190155,10.6381,2023,,,0.7633190155,,,0.40913899230800005,0.2729628799428,0.12686100769199998,0.08463712005719998,1.3100682410551057,0.18150000000000005,-0.18150000000000005,0.7862,0.6960,0.6230,0.6990,119,1,1,0,HiTech_Pct missing or non-positive,0.20560648317262625,0.40044043005866686,0.6078438979184575,110,,,,,,,,,
SRB,Serbia,Europe,Southern Europe,Europe & Central Asia,North,0.8618,0.854,0.9221,0.8094,85.35746686,2023,0.8535746686,31.2695,2023,,,0.8535746686,,,0.73561064939948,0.7289527669843999,0.12618935060052003,0.12504723301560003,1.1715436701515067,0.06810000000000005,-0.06810000000000005,0.8329,0.7864,0.7965,0.8050,65,1,1,0,HiTech_Pct missing or non-positive,0.60435716204645917,0.7239819405946214,0.78394838546507428,54,,,,,,,,,
TTO,Trinidad and Tobago,Americas,Latin America and the Caribbean,Latin America & Caribbean ,South,0.6973,0.5999,0.7745,0.7174,81.9681015,2023,0.819681015,26.8942,2023,0.2232,2023,0.819681015,0.5198,0.0035,0.5715635717595,0.4917266408985,0.1257364282405,0.10817335910149999,1.2199867774173103,0.17459999999999998,-0.17459999999999998,0.8417,0.7830,0.8180,0.8140,60,1,1,1,,0.51979412486639953,0.6244728979057137,0.76172199628091752,61,0.1707,0.5508,95,0.1627,0.5442,93,0.1846,0.5616,97
TUR,Türkiye,Asia,Western Asia,Europe & Central Asia,South,0.8913,0.9225,0.8322,0.9192,85.96074155,2023,0.8596074155,22.4592,2023,4.5183,2023,0.8596074155,0.4341,0.0706,0.7661680894351499,0.79298784079875,0.12513191056485,0.12951215920125003,1.1633217466118986,0.09029999999999994,0.09029999999999994,0.8996,0.7937,0.8752,0.8550,45,1,1,1,,0.43407724376257489,0.65876483844657086,0.8010062166520554,50,0.3770,0.6967,54,0.3681,0.6926,54,0.3910,0.7031,56
PRT,Portugal,Europe,Southern Europe,Europe & Central Asia,North,0.8415,0.7878,0.8979,0.8389,85.79012676,2023,0.8579012676000001,44.1107,2023,6.7108,2023,0.8579012676000001,0.8525,0.1049,0.7219239166854001,0.67585461861528,0.11957608331459994,0.11194538138471993,1.16563529833395,0.11010000000000009,-0.11010000000000009,0.9575,0.7865,0.8862,0.8740,42,1,1,1,,0.85254377165873274,0.80825513994872733,0.85699725843305818,35,0.4851,0.7543,40,0.4712,0.7488,40,0.5073,0.7628,40
POL,Poland,Europe,Eastern Europe,Europe & Central Asia,North,0.8648,0.8037,0.9603,0.8304,86.414744,2023,0.86414744,24.5262,2023,12.1223,2023,0.86414744,0.4740,0.1895,0.747314706112,0.694515297528,0.11748529388800001,0.109184702472,1.1572099316755484,0.15660000000000007,-0.15660000000000007,0.8769,0.8815,0.8855,0.8810,36,1,1,1,,0.47402691529394031,0.67395586855311307,0.8241345149811945,42,0.4908,0.7613,38,0.4703,0.7532,38,0.5079,0.7679,39
CRI,Costa Rica,Americas,Latin America and the Caribbean,Latin America & Caribbean ,South,0.8009,0.7217,0.8933,0.7877,85.39514799,2023,0.8539514799,22.5231,2023,24.1778,2023,0.8539514799,0.4353,0.3779,0.6839297402519099,0.61629678304383,0.11697025974809001,0.10540321695617001,1.1710267193601007,0.17159999999999997,-0.17159999999999997,0.8818,0.7405,0.8022,0.8060,64,1,1,1,,0.43531226263575062,0.63350278527396486,0.75898219156054925,62,0.5567,0.7349,46,0.5312,0.7263,46,0.5840,0.7437,46
ISR,Israel,Asia,Western Asia,"Middle East, North Africa, Afghanistan & Pakistan",North,0.9014,0.8541,0.9763,0.8739,87.03842615,2023,0.8703842615,29.4357,2023,34.9378,2023,0.8703842615,0.5689,0.5461,0.7845643733161,0.74339519774715,0.11683562668389996,0.11070480225284997,1.1489178334596988,0.12219999999999998,-0.12219999999999998,0.9631,0.8656,0.9180,0.9150,25,1,1,1,,0.56891463294427336,0.72967405716931855,0.86445034977404855,32,0.6787,0.8489,16,0.6569,0.8420,18,0.6991,0.8552,17
CZE,Czech Republic,Europe,Eastern Europe,Europe & Central Asia,North,0.8239,0.7006,0.9204,0.8508,85.99404818,2023,0.8599404817999999,37.9100,2023,20.3027,2023,0.8599404817999999,0.7327,0.3173,0.70850496295502,0.60247430154908,0.11539503704498005,0.09812569845092005,1.1628711767433393,0.2198,-0.2198,0.8943,0.8846,0.9048,0.8950,32,1,1,1,,0.73270055527530875,0.7642684594912218,0.86001727258788685,33,0.6135,0.8140,27,0.5766,0.8015,27,0.6366,0.8216,27
FRA,France,Europe,Western Europe,Europe & Central Asia,North,0.8744,0.844,0.9228,0.8565,86.83635789,2023,0.8683635789,48.6688,2023,22.3835,2023,0.8683635789,0.9406,0.3499,0.75929711339016,0.7328988605916,0.11510288660983996,0.11110113940839995,1.1515913659883692,0.07879999999999998,-0.07879999999999998,0.9728,0.8337,0.9306,0.9100,28,1,1,1,,0.94063985187504473,0.85279682422011227,0.89569571488618016,22,0.6825,0.8472,18,0.6686,0.8428,17,0.7098,0.8555,16
GUY,Guyana,Americas,Latin America and the Caribbean,Latin America & Caribbean ,South,0.5443,0.3455,0.6942,0.5933,79.3553009,2023,0.793553009,12.9356,2022,15.7139,2023,0.793553009,0.2500,0.2456,0.4319309027987,0.2741725646095,0.11236909720129998,0.07132743539049999,1.260155262041228,0.34870000000000007,-0.34870000000000007,0.7075,0.6493,0.8882,0.7420,95,1,1,1,,0.25001111323712172,0.44087605430209076,0.65125306732282617,96,0.3809,0.6279,72,0.3422,0.6113,75,0.4240,0.6449,69
HTI,Haiti,Americas,Latin America and the Caribbean,Latin America & Caribbean ,South,0.2117,0.1379,0.2087,0.2883,47.99269867,2023,0.4799269867,0.3068,2022,,,0.4799269867,,,0.10160054308439,0.06618193146593,0.11009945691561,0.07171806853406999,2.0836502795478244,0.0708,-0.0708,0.6727,0.4964,0.5034,0.5520,158,1,1,0,HiTech_Pct missing or non-positive,0.005929636780756125,0.066125113541134706,0.32470068932853996,156,,,,,,,,,
SOM,Somalia,Africa,Sub-Saharan Africa,Sub-Saharan Africa ,South,0.1468,0.2971,0.1432,0.0,26.12010002,2023,0.2612010002,0.7230,2023,,,0.2612010002,,,0.03834430682936,0.07760281715941998,0.10845569317064001,0.21949718284057998,3.828469260203086,0.15389999999999998,0.15389999999999998,0.5555,0.2758,0.3583,0.3800,193,1,1,0,HiTech_Pct missing or non-positive,0.013973687719969617,0.051919310956288323,0.23105401167132752,174,,,,,,,,,
ITA,Italy,Europe,Southern Europe,Europe & Central Asia,North,0.8356,0.7624,0.9017,0.8426,87.0278292,2023,0.870278292,31.8411,2023,9.9837,2023,0.870278292,0.6154,0.1560,0.7272045407951999,0.6635001698208,0.10839545920480004,0.09889983017920004,1.1490577315238837,0.13929999999999998,-0.13929999999999998,0.9855,0.8207,0.9204,0.9060,30,1,1,1,,0.61540468611386523,0.73028409792674431,0.85867215331531621,34,0.4965,0.7797,34,0.4782,0.7724,35,0.5171,0.7877,34
IRN,Iran (Islamic Republic of),Asia,Southern Asia,"Middle East, North Africa, Afghanistan & Pakistan",South,0.6564,0.3773,0.8987,0.6932,83.71050262,2023,0.8371050262,12.0206,2023,0.8140,2022,0.8371050262,0.2323,0.0127,0.54947573919768,0.31583972638526003,0.10692426080231997,0.061460273614739984,1.1945932334673155,0.5214000000000001,-0.5214000000000001,0.8393,0.7503,0.7546,0.7800,78,1,1,1,,0.23232657068695267,0.47454323273643495,0.68910624978846358,87,0.1920,0.5496,97,0.1597,0.5249,102,0.2008,0.5558,99
BIH,Bosnia and Herzegovina,Europe,Southern Europe,Europe & Central Asia,North,0.6329,0.5003,0.7763,0.6222,83.3771539,2023,0.833771539,28.4401,2023,4.9671,2023,0.833771539,0.5497,0.0776,0.5276940070331,0.4171359009617,0.1052059929669,0.0831640990383,1.1993693154834348,0.276,-0.276,0.8507,0.7200,0.7719,0.7790,80,1,1,1,,0.5496723044601769,0.62303296766151572,0.73670776857464837,71,0.3702,0.6468,65,0.3415,0.6339,66,0.4015,0.6601,64
LTU,Lithuania,Europe,Northern Europe,Europe & Central Asia,North,0.9110,0.8839,0.9631,0.8861,88.50287484,2023,0.8850287484,27.9638,2023,14.4029,2023,0.8850287484,0.5405,0.2251,0.8062611897924,0.78227691071076,0.1047388102076,0.10162308928923999,1.129906798855801,0.07919999999999994,-0.07919999999999994,0.8353,0.9055,0.8978,0.8790,37,1,1,1,,0.54046667864963538,0.7278926805312198,0.83848340642887009,36,0.5428,0.7792,35,0.5317,0.7752,34,0.5588,0.7849,35
MDV,Maldives,Asia,Southern Asia,South Asia,South,0.6745,0.622,0.7886,0.613,84.55290222,2023,0.8455290222,18.6293,2023,0.1895,2023,0.8455290222,0.3601,0.0030,0.5703093254739,0.5259190518084,0.10419067452609998,0.09608094819159997,1.182691514713568,0.16659999999999997,-0.16659999999999997,0.9360,0.5970,0.7914,0.7620,87,1,1,1,,0.36005535358455049,0.55787395749616309,0.70476702927155144,82,0.1506,0.5080,104,0.1439,0.5022,104,0.1631,0.5182,104
GNQ,Equatorial Guinea,Africa,Sub-Saharan Africa,Sub-Saharan Africa ,South,0.2855,0.1932,0.2532,0.4102,63.51950073,2023,0.6351950073,0.1007,2022,,,0.6351950073,,,0.18134817458414998,0.12271967541036001,0.10415182541585,0.07048032458964,1.574319679007968,0.05999999999999997,-0.05999999999999997,0.6337,0.6130,0.7053,0.6500,133,1,1,0,HiTech_Pct missing or non-positive,0.0019462660489639565,0.060749236446062248,0.35918213061449022,148,,,,,,,,,
DJI,Djibouti,Africa,Sub-Saharan Africa,"Middle East, North Africa, Afghanistan & Pakistan",South,0.2911,0.2092,0.384,0.28,64.75869751,2023,0.6475869751000001,1.4721,2023,3.2755,2023,0.6475869751000001,0.0285,0.0512,0.18851256845161005,0.13547519519092002,0.10258743154838999,0.07372480480907999,1.5441941213310852,0.1748,-0.1748,0.6594,0.3527,0.5871,0.5150,171,1,1,1,,0.028451819768419467,0.15144309906943129,0.37920931138230168,145,0.1155,0.3544,129,0.1101,0.3501,128,0.1535,0.3805,128
SVK,Slovakia,Europe,Eastern Europe,Europe & Central Asia,North,0.8021,0.7097,0.8985,0.7982,87.2131343,2023,0.872131343,33.1726,2023,9.7185,2023,0.872131343,0.6411,0.1519,0.6995365502203,0.6189516141271,0.10256344977970004,0.09074838587290003,1.1466162843777077,0.18879999999999997,-0.18879999999999997,0.8512,0.8425,0.8721,0.8550,45,1,1,1,,0.64113907781391999,0.73133246228903959,0.82237645078438926,43,0.4937,0.7454,42,0.4686,0.7358,44,0.5150,0.7534,41
DMA,Dominica,Americas,Latin America and the Caribbean,Latin America & Caribbean ,South,0.5445,0.3798,0.6757,0.5781,81.33650208,2023,0.8133650208000001,20.8601,2022,2.8833,2023,0.8133650208000001,0.4032,0.0451,0.4428772538256,0.30891603489984004,0.10162274617439997,0.07088396510015998,1.2294602969481423,0.29589999999999994,-0.29589999999999994,0.8151,0.6826,0.7290,0.7400,97,1,1,1,,0.40317084814292975,0.52563708282795318,0.67951285239249892,90,0.2844,0.5828,86,0.2605,0.5702,89,0.3175,0.5990,86
LBN,Lebanon,Asia,Western Asia,"Middle East, North Africa, Afghanistan & Pakistan",South,0.5449,0.4489,0.6425,0.5433,81.7059021,2023,0.817059021,7.2917,2022,4.3024,2023,0.817059021,0.1409,0.0672,0.44521546054290007,0.3667777945269,0.09968453945709999,0.08212220547309998,1.2239017920346784,0.19359999999999994,-0.19359999999999994,0.8372,0.6215,0.7271,0.7230,109,1,1,1,,0.14092937586127588,0.37148538440836926,0.6122820917915317,108,0.2423,0.5503,96,0.2296,0.5429,97,0.2735,0.5672,95
LBY,Libya,Africa,Northern Africa,"Middle East, North Africa, Afghanistan & Pakistan",South,0.5466,0.0808,0.9639,0.5952,82.10469818,2023,0.8210469818,4.5184,2022,,,0.8210469818,,,0.44878428025188,0.06634059612944,0.09781571974811998,0.014459403870559998,1.2179570988832784,0.8831,-0.8831,0.8023,0.6475,0.7985,0.7460,92,1,1,0,HiTech_Pct missing or non-positive,0.087328783670692564,0.3180687622500083,0.60268880720071705,111,,,,,,,,,
DOM,Dominican Republic,Americas,Latin America and the Caribbean,Latin America & Caribbean ,South,0.7013,0.6405,0.7444,0.7189,86.12689972,2023,0.8612689971999999,11.1346,2023,6.0309,2023,0.8612689971999999,0.2152,0.0943,0.60400794773636,0.5516427927065999,0.09729205226364004,0.08885720729340003,1.1610774371897943,0.10389999999999999,-0.10389999999999999,0.8334,0.6816,0.7898,0.7660,82,1,1,1,,0.21520252183509503,0.48195845994135256,0.68191061946344433,89,0.3205,0.6158,76,0.3118,0.6116,74,0.3459,0.6277,75
SYC,Seychelles,Africa,Sub-Saharan Africa,Sub-Saharan Africa ,South,0.6773,0.4638,0.8913,0.6769,86.001297,2023,0.86001297,30.7719,2023,0.0384,2023,0.86001297,0.5947,0.0006,0.582486784581,0.398874015486,0.09481321541900001,0.064925984514,1.16277316143267,0.4275,-0.4275,0.7960,0.7592,0.8532,0.8020,67,1,1,1,,0.59473986327819239,0.66789169326173592,0.76604898062670146,60,0.1156,0.4941,106,0.1006,0.4772,106,0.1212,0.5000,108
ARG,Argentina,Americas,Latin America and the Caribbean,Latin America & Caribbean ,South,0.8573,0.7965,0.8425,0.933,89.22897166,2023,0.8922897166,25.3581,2023,5.4496,2023,0.8922897166,0.4901,0.0852,0.76495997404118,0.7107087592719,0.09234002595881999,0.0857912407281,1.120712232132879,0.04600000000000004,-0.04600000000000004,0.8625,0.8715,0.8151,0.8490,48,1,1,1,,0.49010535348791362,0.69418945981287683,0.80756753378183976,46,0.4109,0.7083,52,0.4060,0.7062,51,0.4280,0.7156,52
UZB,Uzbekistan,Asia,Central Asia,Europe & Central Asia,South,0.7999,0.7648,0.8769,0.758,89.01361047,2023,0.8901361047,30.2699,2023,2.8224,2023,0.8901361047,0.5850,0.0441,0.71201987014953,0.6807760928745601,0.08788012985046997,0.08402390712543997,1.1234237042177129,0.11209999999999998,-0.11209999999999998,0.7950,0.7302,0.6630,0.7270,106,1,1,1,,0.58503752408673348,0.71841835155837541,0.72514519875073646,76,0.3576,0.6091,80,0.3472,0.6046,79,0.3748,0.6163,80
THA,Thailand,Asia,South-eastern Asia,East Asia & Pacific,South,0.8351,0.7611,0.941,0.8032,89.53525238,2023,0.8953525238000001,14.5089,2023,26.0506,2023,0.8953525238000001,0.2804,0.4072,0.74770889262538,0.6814528058641801,0.08739110737461993,0.07964719413581994,1.1168785181459717,0.17989999999999995,-0.17989999999999995,0.9182,0.7273,0.7748,0.8030,66,1,1,1,,0.28041886273895877,0.57259112267615819,0.73777048100364839,70,0.5258,0.7222,48,0.5004,0.7133,47,0.5430,0.7280,49
PLW,Palau,Oceania,Micronesia,East Asia & Pacific,South,0.5072,0.2787,0.491,0.752,82.91629791,2023,0.8291629790999999,7.3334,2023,,,0.8291629790999999,,,0.42055146299951995,0.23108772227517,0.08664853700048004,0.047612277724830024,1.2060355143755117,0.2123,-0.2123,0.6979,0.9133,0.7953,0.7970,71,1,1,0,HiTech_Pct missing or non-positive,0.14173532714470982,0.36698280903350383,0.65674358563750201,94,,,,,,,,,
SVN,Slovenia,Europe,Southern Europe,Europe & Central Asia,North,0.8759,0.864,0.9107,0.853,90.37794678,2023,0.9037794678000001,31.8815,2023,8.2035,2023,0.9037794678000001,0.6162,0.1282,0.79162043584602,0.7808654601792,0.08427956415397994,0.08313453982079994,1.1064646140216285,0.046699999999999964,-0.046699999999999964,0.9559,0.9129,0.9109,0.9260,22,1,1,1,,0.61618551181771974,0.7610800128315075,0.88193011361726625,28,0.4876,0.7890,32,0.4818,0.7867,30,0.5050,0.7960,30
AZE,Azerbaijan,Asia,Western Asia,Europe & Central Asia,South,0.7607,0.7386,0.8203,0.7233,89.0,2023,0.89,20.8825,2023,4.1722,2023,0.89,0.4036,0.0652,0.677023,0.657354,0.083677,0.081246,1.1235955056179776,0.0817,-0.0817,0.8229,0.7049,0.7571,0.7600,89,1,1,1,,0.40360378120645302,0.62418915484743809,0.72357909217284988,78,0.3549,0.6283,70,0.3474,0.6250,68,0.3763,0.6376,73
IRQ,Iraq,Asia,Western Asia,"Middle East, North Africa, Afghanistan & Pakistan",South,0.4572,0.1876,0.6874,0.4967,81.80889893,2023,0.8180889893,17.2313,2023,,,0.8180889893,,,0.37403028590796,0.15347349439268,0.08316971409204002,0.03412650560732001,1.222360908262135,0.4998,-0.4998,0.7898,0.5666,0.6813,0.6730,128,1,1,0,HiTech_Pct missing or non-positive,0.33303569185216109,0.46708870511552469,0.61430332148217015,107,,,,,,,,,
MNE,Montenegro,Europe,Southern Europe,Europe & Central Asia,North,0.7211,0.5214,0.9229,0.719,88.5515976,2023,0.885515976,32.0155,2023,7.9952,2023,0.885515976,0.6188,0.1250,0.6385455702935999,0.4617080298864,0.0825544297064,0.05969197011360001,1.129285102813323,0.4015000000000001,-0.4015000000000001,0.8745,0.8396,0.8182,0.8440,50,1,1,1,,0.61877537925129633,0.70465051574066784,0.80661514722131811,47,0.4573,0.7240,47,0.4022,0.7011,52,0.4737,0.7304,48
ROU,Romania,Europe,Eastern Europe,Europe & Central Asia,North,0.7636,0.6548,0.8922,0.7439,89.20335498,2023,0.8920335498,34.6706,2023,12.6747,2023,0.8920335498,0.6701,0.1981,0.68115681862728,0.5841035684090401,0.08244318137271996,0.07069643159095998,1.1210340689811575,0.23739999999999994,-0.23739999999999994,0.8326,0.7817,0.8696,0.8270,53,1,1,1,,0.67009147643703815,0.74117505958538699,0.8047837740998024,48,0.5329,0.7411,44,0.4980,0.7286,45,0.5558,0.7489,43
CHN,China,Asia,Eastern Asia,East Asia & Pacific,South,0.8718,0.9258,0.8995,0.7902,90.6,2023,0.9059999999999999,44.7289,2023,26.5682,2023,0.9059999999999999,0.8645,0.4153,0.7898508,0.8387747999999999,0.08194920000000007,0.08702520000000007,1.1037527593818985,0.02629999999999999,0.02629999999999999,0.9013,0.6930,0.7846,0.7880,75,1,1,1,,0.86449195111721855,0.85207548686651247,0.80386338071812813,49,0.7119,0.7686,36,0.7072,0.7673,36,0.7390,0.7758,36
URY,Uruguay,Americas,Latin America and the Caribbean,Latin America & Caribbean ,South,0.9006,0.8832,0.9437,0.8749,90.92590332,2023,0.9092590332,32.4032,2023,10.7072,2023,0.9092590332,0.6263,0.1674,0.8188786852999199,0.80305757812224,0.08172131470007998,0.08014242187776,1.0997966074427117,0.0605,-0.0605,0.8923,0.7839,0.8162,0.8300,52,1,1,1,,0.6262686001766522,0.77545382579699984,0.81570105255695624,45,0.5285,0.7412,43,0.5204,0.7383,43,0.5436,0.7464,44
CAF,Central African Republic,Africa,Sub-Saharan Africa,Sub-Saharan Africa ,South,0.0947,0.1128,0.0,0.1713,13.8416996,2023,0.13841699600000001,0.0161,2022,1.8786,2023,0.13841699600000001,0.0003,0.0294,0.013108089521200001,0.015613437148800001,0.0815919104788,0.09718656285119999,7.224546326666415,0.1128,0.1128,0.5304,0.3342,0.3266,0.3870,191,1,1,1,,0.00031117063940734558,0.0082649927491429444,0.14789965283023457,182,0.0113,0.1601,158,0.0110,0.1589,158,0.0262,0.1974,158
MKD,North Macedonia,Europe,Southern Europe,Europe & Central Asia,North,0.7070,0.6642,0.7546,0.7023,88.5,2023,0.885,29.1772,2023,5.2297,2023,0.885,0.5639,0.0817,0.625695,0.587817,0.08130499999999999,0.07638299999999999,1.1299435028248588,0.09040000000000004,-0.09040000000000004,0.8290,0.7022,0.7703,0.7650,83,1,1,1,,0.56391850808173927,0.67843373435535803,0.7426696425942112,68,0.3997,0.6507,63,0.3904,0.6468,63,0.4295,0.6624,62
SUR,Suriname,Americas,Latin America and the Caribbean,Latin America & Caribbean ,South,0.6366,0.4814,0.8714,0.5568,87.4,2023,0.8740000000000001,17.5374,2023,3.2127,2023,0.8740000000000001,0.3390,0.0502,0.5563884000000001,0.42074360000000005,0.08021159999999994,0.060656399999999944,1.1441647597254003,0.38999999999999996,-0.38999999999999996,0.7737,0.5840,0.7270,0.6900,124,1,1,1,,0.33895179947468213,0.54828851374299137,0.65145174338958356,95,0.3016,0.5610,91,0.2666,0.5440,95,0.3202,0.5695,93
CYP,Cyprus,Asia,Western Asia,Europe & Central Asia,North,0.8619,0.8217,0.8941,0.8698,91.22110357,2023,0.9122110357,36.9006,2023,18.7420,2023,0.9122110357,0.7132,0.2929,0.78623469166983,0.7495638080346899,0.07566530833017004,0.07213619196531004,1.096237560021003,0.07240000000000002,-0.07240000000000002,0.9521,0.8659,0.9056,0.9070,29,1,1,1,,0.71319150910029161,0.79974444014238599,0.87904171904738881,29,0.6222,0.8256,21,0.6106,0.8217,21,0.6437,0.8326,21
NRU,Nauru,Oceania,Micronesia,East Asia & Pacific,South,0.4454,0.2439,0.5863,0.5061,83.03970337,2023,0.8303970337,9.9568,2022,,,0.8303970337,,,0.36985883880998,0.20253383651943,0.07554116119002002,0.04136616348057001,1.2042432227199802,0.34240000000000004,-0.34240000000000004,0.6771,0.6572,0.7563,0.6960,122,1,1,0,HiTech_Pct missing or non-positive,0.19243874673609057,0.38952748211208699,0.6017216575050448,112,,,,,,,,,
DEU,Germany,Europe,Western Europe,Europe & Central Asia,North,0.9382,0.9238,0.9236,0.9672,92.4763763,2023,0.924763763,45.3805,2023,17.7818,2023,0.924763763,0.8771,0.2779,0.8676133624466,0.8542967642593999,0.07058663755340004,0.06950323574060004,1.0813572503705469,0.00019999999999997797,0.00019999999999997797,0.9383,0.9570,0.9541,0.9500,7,1,1,1,,0.87708566469720772,0.88947350501435107,0.93431891593414163,7,0.6650,0.8688,12,0.6650,0.8688,12,0.6810,0.8740,12
MLT,Malta,Europe,Southern Europe,"Middle East, North Africa, Afghanistan & Pakistan",North,0.8886,0.8749,0.9747,0.8162,92.07266941,2023,0.9207266941000001,44.2825,2023,43.2693,2023,0.9207266941000001,0.8559,0.6763,0.81815774037726,0.8055437846680901,0.07044225962273992,0.06935621533190993,1.0860986288417418,0.0998,-0.0998,0.9801,0.8476,0.9210,0.9150,25,1,1,1,,0.85586421363700493,0.86388821312506525,0.90166378966728433,20,0.8126,0.8880,8,0.7915,0.8822,9,0.8329,0.8935,7
JAM,Jamaica,Americas,Latin America and the Caribbean,Latin America & Caribbean ,South,0.6678,0.5677,0.7296,0.706,89.47304282,2023,0.8947304282,15.7852,2023,2.6470,2023,0.8947304282,0.3051,0.0414,0.5975009799519599,0.50793846408914,0.07029902004803996,0.059761535910859975,1.1176550707141804,0.16190000000000004,-0.16190000000000004,0.7789,0.6544,0.6910,0.7060,115,1,1,1,,0.30508638367533114,0.54636711429509632,0.66232614403482404,92,0.2866,0.5637,90,0.2742,0.5575,90,0.3083,0.5741,90
LVA,Latvia,Europe,Northern Europe,Europe & Central Asia,North,0.8852,0.8092,0.966,0.8805,92.18791291,2023,0.9218791290999999,25.9948,2023,18.5544,2023,0.9218791290999999,0.5024,0.2900,0.8160474050793199,0.74598459126772,0.06915259492068007,0.06321540873228007,1.0847409041316154,0.15679999999999994,-0.15679999999999994,0.8604,0.9043,0.8717,0.8790,37,1,1,1,,0.50241108927118427,0.723018698782673,0.83682062748075525,38,0.5754,0.7904,31,0.5514,0.7820,31,0.5869,0.7943,31
HUN,Hungary,Europe,Eastern Europe,Europe & Central Asia,North,0.8043,0.7144,0.8282,0.8703,91.4500713,2023,0.914500713,36.7902,2023,18.8625,2023,0.914500713,0.7111,0.2948,0.7355329234659,0.6533193093672001,0.06876707653409998,0.061080690632799986,1.0934928598573985,0.11380000000000001,-0.11380000000000001,0.8455,0.8270,0.8814,0.8510,47,1,1,1,,0.71105776757292705,0.78204249063493247,0.83321221753913943,39,0.6128,0.7839,33,0.5946,0.7780,32,0.6388,0.7921,32
EST,Estonia,Europe,Northern Europe,Europe & Central Asia,North,0.9727,0.9954,0.9731,0.9497,93.18342241,2023,0.9318342241,35.2540,2023,16.5812,2023,0.9318342241,0.6814,0.2592,0.90639514978207,0.9275477866691401,0.06630485021792995,0.06785221333085995,1.0731522562029068,0.022299999999999986,0.022299999999999986,0.9101,0.8945,0.8939,0.8990,31,1,1,1,,0.68136706345755038,0.83178762620881086,0.88204900216678783,27,0.6214,0.8201,26,0.6180,0.8189,22,0.6306,0.8230,25
RUS,Russian Federation,Europe,Eastern Europe,Europe & Central Asia,North,0.8533,0.7766,0.9512,0.8319,92.24496346,2023,0.9224496346,25.8239,2023,9.7298,2021,0.9224496346,0.4991,0.1521,0.7871262732041799,0.7163743862303599,0.06617372679582004,0.06022561376964003,1.084070026688913,0.1746000000000001,-0.1746000000000001,0.7710,0.8488,0.8456,0.8210,56,1,1,1,,0.49910804192492864,0.71295241836474543,0.79254023152870301,52,0.4845,0.7196,50,0.4618,0.7110,48,0.4964,0.7240,51
KGZ,Kyrgyzstan,Asia,Central Asia,Europe & Central Asia,South,0.7316,0.6072,0.8815,0.7061,91.04440308,2023,0.9104440307999999,6.4465,2023,16.3335,2023,0.9104440307999999,0.1246,0.2553,0.66608085293328,0.5528216155017599,0.06551914706672006,0.05437838449824005,1.0983651560890657,0.2743,-0.2743,0.7767,0.7597,0.5842,0.7010,117,1,1,1,,0.1245938836608356,0.42275846134544354,0.61785607786296526,105,0.3727,0.5987,82,0.3440,0.5868,82,0.3888,0.6051,84
BTN,Bhutan,Asia,Southern Asia,South Asia,South,0.6511,0.5886,0.817,0.5478,90.02140045,2023,0.9002140045,1.3188,2023,0.0107,2023,0.9002140045,0.0255,0.0002,0.58612933832995,0.5298659630487,0.06497066167005,0.0587340369513,1.1108469708327005,0.22839999999999994,-0.22839999999999994,0.8035,0.5574,0.7048,0.6810,125,1,1,1,,0.025488934114932131,0.23781010242340819,0.52343439906661138,126,0.0387,0.3325,134,0.0363,0.3272,133,0.0415,0.3383,139
KAZ,Kazakhstan,Asia,Central Asia,Europe & Central Asia,South,0.9009,0.939,0.9235,0.8403,92.87846096,2023,0.9287846096,14.3457,2023,34.4293,2023,0.9287846096,0.2773,0.5381,0.83674205478864,0.8721287484143999,0.06415794521136002,0.06687125158560002,1.0766758941351002,0.015499999999999958,0.015499999999999958,0.7614,0.8260,0.8187,0.8020,67,1,1,1,,0.27726463613328928,0.59951542664994373,0.74538305954906492,65,0.5835,0.7404,45,0.5813,0.7396,42,0.6005,0.7457,45
BLR,Belarus,Europe,Eastern Europe,Europe & Central Asia,North,0.7445,0.576,0.9156,0.7419,91.51249979,2023,0.9151249979,35.0932,2023,6.0158,2021,0.9151249979,0.6783,0.0940,0.6813105609365501,0.5271119987903999,0.06318943906345,0.04888800120959999,1.0927468950086257,0.3396,-0.3396,0.8192,0.7964,0.7880,0.8010,69,1,1,1,,0.67825922253725834,0.75059744630759972,0.78815860911520974,53,0.4466,0.6922,57,0.4026,0.6745,57,0.4609,0.6977,57
FIN,Finland,Europe,Northern Europe,Europe & Central Asia,North,0.9575,0.9097,0.9791,0.9836,93.51385075,2023,0.9351385075,35.3318,2023,9.7140,2023,0.9351385075,0.6829,0.1518,0.8953951209312501,0.85069550027275,0.06210487906874995,0.05900449972724995,1.0693603054304766,0.06940000000000002,-0.06940000000000002,0.9592,0.9310,0.9373,0.9420,12,1,1,1,,0.68287073275853738,0.82999674276118607,0.91296360324137149,16,0.5428,0.8210,25,0.5331,0.8173,25,0.5496,0.8236,24
NZL,New Zealand,Oceania,Australia and New Zealand,East Asia & Pacific,North,0.9265,0.9453,0.8728,0.9615,93.32610321,2023,0.9332610321,37.8531,2023,12.6495,2023,0.9332610321,0.7316,0.1977,0.86466634624065,0.88221165364413,0.06183365375935,0.06308834635587,1.071511576723423,0.07250000000000001,0.07250000000000001,0.9693,0.9315,0.9183,0.9390,16,1,1,1,,0.731600827984484,0.83889696968118566,0.9132371509028735,15,0.5845,0.8344,19,0.5736,0.8304,19,0.5951,0.8381,19
MAR,Morocco,Africa,Northern Africa,"Middle East, North Africa, Afghanistan & Pakistan",South,0.6841,0.5618,0.8827,0.6078,91.0,2023,0.91,7.0218,2023,5.4307,2023,0.91,0.1357,0.0849,0.6225310000000001,0.511238,0.061568999999999985,0.05056199999999998,1.0989010989010988,0.3209000000000001,-0.3209000000000001,0.8457,0.6071,0.6611,0.6980,120,1,1,1,,0.13571291899319871,0.42521429423336138,0.61636489286729657,106,0.2842,0.5573,93,0.2580,0.5440,94,0.2985,0.5642,96
USA,United States of America,Americas,Northern America,North America,North,0.9195,0.9136,0.9605,0.8842,93.52559662,2023,0.9352559662000001,38.0939,2023,21.8460,2023,0.9352559662000001,0.7363,0.3415,0.8599678609209,0.85444985072032,0.05953213907909994,0.05915014927967994,1.0692260045803919,0.04690000000000005,-0.04690000000000005,0.8954,0.9084,0.9797,0.9270,20,1,1,1,,0.73625485841735905,0.83974409890930113,0.90444793402750556,19,0.6706,0.8550,15,0.6626,0.8524,14,0.6849,0.8595,15
SGP,Singapore,Asia,South-eastern Asia,East Asia & Pacific,North,0.9691,0.9831,0.9881,0.9362,94.28518987,2023,0.9428518987,27.4344,2023,56.1384,2023,0.9428518987,0.5302,0.8775,0.9137177750301699,0.92691770161197,0.05538222496983003,0.05618229838803003,1.0606119597137107,0.0050000000000000044,-0.0050000000000000044,0.9867,0.8670,1.0000,0.9490,9,1,1,1,,0.53023476955011684,0.77014869776673156,0.90093758029184812,21,0.7957,0.9083,3,0.7947,0.9080,2,0.8074,0.9117,3
KIR,Kiribati,Oceania,Micronesia,East Asia & Pacific,South,0.4572,0.3904,0.3544,0.6269,88.0,2023,0.88,0.0400,2023,2.2969,2021,0.88,0.0008,0.0359,0.40233599999999997,0.343552,0.054863999999999996,0.046848,1.1363636363636365,0.03600000000000003,0.03600000000000003,0.7332,0.6321,0.5345,0.6280,137,1,1,1,,0.00077309475629154176,0.064928409514526039,0.35612107868203224,149,0.0560,0.3432,132,0.0555,0.3424,132,0.0658,0.3573,133
BHS,Bahamas,Americas,Latin America and the Caribbean,Latin America & Caribbean ,South,0.7143,0.5402,0.8652,0.7376,92.38729858,2023,0.9238729858000001,23.8163,2023,0.0138,2023,0.9238729858000001,0.4603,0.0002,0.6599224737569401,0.49907618692916006,0.05437752624305993,0.04112381307083995,1.08239987029611,0.32499999999999996,-0.32499999999999996,0.8363,0.7547,0.8738,0.8200,57,1,1,1,,0.46030641610665618,0.65471265949024682,0.77517508653279299,58,0.0882,0.4696,114,0.0800,0.4582,113,0.0917,0.4742,115
JOR,Jordan,Asia,Western Asia,"Middle East, North Africa, Afghanistan & Pakistan",South,0.6849,0.7591,0.6499,0.6458,92.53443944,2023,0.9253443944,7.0375,2023,2.0842,2023,0.9253443944,0.1360,0.0326,0.63376837572456,0.70242892978904,0.05113162427543996,0.05667107021095996,1.0806787246476024,0.10919999999999996,0.10919999999999996,0.8341,0.6990,0.6846,0.7360,99,1,1,1,,0.13601635868504314,0.43046882253223351,0.64382594434874274,99,0.2258,0.5479,99,0.2193,0.5440,96,0.2418,0.5574,98
CAN,Canada,Americas,Northern America,North America,North,0.8452,0.8552,0.8078,0.8725,94.14530182,2023,0.9414530182,42.5242,2023,16.3718,2023,0.9414530182,0.8219,0.2559,0.79571609098264,0.80513062116464,0.04948390901735996,0.05006937883535996,1.0621878953789305,0.0474,0.0474,0.9669,0.9056,0.9340,0.9350,18,1,1,1,,0.82188090088731947,0.85072375574002146,0.91329977918717231,14,0.6300,0.8472,17,0.6224,0.8447,16,0.6521,0.8546,18
CHL,Chile,Americas,Latin America and the Caribbean,Latin America & Caribbean ,South,0.8827,0.8612,0.9455,0.8413,94.45742345,2023,0.9445742344999999,22.9954,2023,10.7196,2023,0.9445742344999999,0.4444,0.1676,0.8337756767931499,0.8134673307513999,0.0489243232068501,0.0477326692486001,1.0586780408311043,0.08430000000000004,-0.08430000000000004,0.9157,0.8362,0.8306,0.8600,44,1,1,1,,0.44444057897066297,0.70474662881372518,0.81822374342716775,44,0.4921,0.7480,41,0.4814,0.7439,41,0.5036,0.7523,42
BEL,Belgium,Europe,Western Europe,Europe & Central Asia,North,0.8121,0.7224,0.8698,0.8442,94.62625074,2023,0.9462625074000001,43.7026,2023,18.6668,2023,0.9462625074000001,0.8447,0.2918,0.7684597822595401,0.6835800353457601,0.04364021774045995,0.03881996465423996,1.0567892019178187,0.14739999999999998,-0.14739999999999998,0.9584,0.9176,0.9494,0.9420,12,1,1,1,,0.84465627240766827,0.85003654208327295,0.91785009734566614,13,0.6506,0.8585,14,0.6252,0.8500,15,0.6712,0.8652,14
GBR,United Kingdom of Great Britain and Northern Ireland,Europe,Northern Europe,Europe & Central Asia,North,0.9577,0.9535,0.9747,0.945,95.44719696,2023,0.9544719696,41.4368,2023,28.8917,2023,0.9544719696,0.8009,0.4516,0.91409780528592,0.9100890230136001,0.04360219471407997,0.04341097698639998,1.0476997039725324,0.021199999999999997,-0.021199999999999997,0.9562,0.9367,0.9282,0.9400,15,1,1,1,,0.80086431993753393,0.88737038422893433,0.92677420698800383,10,0.7495,0.8885,7,0.7455,0.8873,7,0.7594,0.8914,8
AUT,Austria,Europe,Western Europe,Europe & Central Asia,North,0.9065,0.8383,0.981,0.9003,95.33467117,2023,0.9533467117,29.3725,2023,15.9233,2023,0.9533467117,0.5677,0.2489,0.8642087941560499,0.79919054841811,0.04229120584395003,0.03910945158189003,1.0489363289634768,0.14269999999999994,-0.14269999999999994,0.9602,0.8648,0.9573,0.9260,22,1,1,1,,0.56769314322933273,0.77623710918538324,0.88629839047668857,26,0.5841,0.8255,23,0.5621,0.8176,24,0.5910,0.8279,23
ESP,Spain,Europe,Southern Europe,Europe & Central Asia,North,0.9206,0.9054,0.9603,0.8961,95.44564516,2023,0.9544564516,37.2148,2023,9.5625,2023,0.9544564516,0.7193,0.1495,0.87867260934296,0.8641648712786401,0.041927390657039966,0.04123512872135997,1.047716737964999,0.05490000000000006,-0.05490000000000006,0.9833,0.8482,0.9052,0.9110,27,1,1,1,,0.71926416841096175,0.84493612240688531,0.89369264236611123,23,0.5480,0.8020,29,0.5403,0.7992,28,0.5573,0.8054,29
OMN,Oman,Asia,Western Asia,"Middle East, North Africa, Afghanistan & Pakistan",South,0.8576,0.8077,0.9674,0.7977,95.25170135,2023,0.9525170135000001,10.8793,2023,5.0054,2023,0.9525170135000001,0.2103,0.0782,0.8168785907776,0.7693479918039501,0.040721409222399946,0.03835200819604995,1.0498500140438698,0.15970000000000006,-0.15970000000000006,0.8298,0.7565,0.8758,0.8190,59,1,1,1,,0.21026824455306425,0.5469336551562215,0.7405092502294417,69,0.3364,0.6558,62,0.3220,0.6487,62,0.3430,0.6590,65
SWE,Sweden,Europe,Northern Europe,Europe & Central Asia,North,0.9326,0.8836,0.9868,0.9275,95.70327461,2023,0.9570327460999999,40.7340,2023,17.6239,2023,0.9570327460999999,0.7873,0.2755,0.8925287390128599,0.84563413445396,0.0400712609871401,0.0379658655460401,1.0448963257266752,0.10319999999999996,-0.10319999999999996,0.9770,0.9225,0.9585,0.9520,5,1,1,1,,0.78728104506949159,0.87611194338149723,0.93272402655238429,8,0.6561,0.8677,13,0.6384,0.8618,13,0.6626,0.8698,13
AND,Andorra,Europe,Southern Europe,Europe & Central Asia,North,0.6893,0.478,0.9231,0.6668,94.21499634,2023,0.9421499634,51.7401,2023,21.4346,2023,0.9421499634,1.0000,0.3350,0.64942396977162,0.45034768250519996,0.039876030228379995,0.027652317494799992,1.0614021534228295,0.44510000000000005,-0.44510000000000005,0.9777,0.7422,0.9510,0.8840,35,1,1,1,,1,0.84895131079336872,0.87487794077098602,30,0.6729,0.8255,22,0.5807,0.7957,29,0.6925,0.8315,22
AUS,Australia,Oceania,Australia and New Zealand,East Asia & Pacific,North,0.9577,0.9222,0.9509,1.0,96.1160965,2023,0.9611609649999999,36.6274,2023,25.2583,2023,0.9611609649999999,0.7079,0.3948,0.9205038561804999,0.886382641923,0.03719614381950007,0.035817358077000074,1.0404084606161674,0.028699999999999948,-0.028699999999999948,0.9781,0.9242,0.9365,0.9460,10,1,1,1,,0.70791127191482039,0.85559227519099146,0.92253099181513698,11,0.7052,0.8790,10,0.7001,0.8774,10,0.7132,0.8815,10
IRL,Ireland,Europe,Northern Europe,Europe & Central Asia,North,0.9138,0.8768,0.9599,0.9046,96.8660965,2023,0.968660965,31.8908,2023,47.7738,2023,0.968660965,0.6164,0.7467,0.8851623898169999,0.849321934112,0.028637610183000012,0.027478065888000013,1.0323529450781574,0.08309999999999995,-0.08309999999999995,0.9649,0.8886,1.0000,0.9500,7,1,1,1,,0.61636525634855754,0.80849555008657092,0.91246572982926255,17,0.7926,0.9079,4,0.7756,0.9030,5,0.8031,0.9109,4
NLD,Netherlands,Europe,Western Europe,Europe & Central Asia,North,0.9538,0.9212,0.9715,0.9688,97.00680272,2023,0.9700680272,43.2644,2023,24.5106,2023,0.9700680272,0.8362,0.3831,0.9252508843433599,0.89362666665664,0.028549115656640037,0.027573333343360037,1.030855539983516,0.05030000000000001,-0.05030000000000001,0.9608,0.9194,0.9593,0.9460,10,1,1,1,,0.83618701935249451,0.90877221500119121,0.93677813324598402,6,0.7323,0.8875,9,0.7229,0.8847,8,0.7386,0.8895,9
KOR,Republic of Korea,Asia,Eastern Asia,East Asia & Pacific,North,0.9679,1.0,0.9917,0.912,97.41597478,2023,0.9741597478,46.5676,2023,30.2763,2023,0.9741597478,0.9000,0.4732,0.94288921989562,0.9741597478,0.02501078010437997,0.02584025219999997,1.0265256825262556,0.008299999999999974,0.008299999999999974,0.9850,0.8791,0.9262,0.9290,19,1,1,1,,0.90002918432705004,0.93853213589756668,0.93144477046771634,9,0.7909,0.8924,6,0.7892,0.8920,6,0.7981,0.8945,6
CHE,Switzerland,Europe,Western Europe,Europe & Central Asia,North,0.9004,0.8408,0.9576,0.9026,97.34436623,2023,0.9734436623,46.8365,2023,29.3340,2023,0.9734436623,0.9052,0.4585,0.87648867353492,0.81847143126184,0.02391132646507999,0.022328568738159988,1.0272808162695868,0.11680000000000001,-0.11680000000000001,0.9885,0.9241,0.9883,0.9670,1,1,1,1,,0.90522631382621987,0.91749724044702918,0.95399764250928465,2,0.7714,0.9135,2,0.7478,0.9065,3,0.7806,0.9162,2
ISL,Iceland,Europe,Northern Europe,Europe & Central Asia,North,0.9671,0.9076,0.9983,0.9953,97.94860077,2023,0.9794860076999999,37.4246,2023,43.4245,2023,0.9794860076999999,0.7233,0.6787,0.9472609180466699,0.8889815005885199,0.01983908195333006,0.018618499411480055,1.020943629759623,0.0907,-0.0907,0.9664,0.9589,0.9523,0.9590,3,1,1,1,,0.72331905040771083,0.87551969445642253,0.93754578574238556,4,0.8215,0.9227,1,0.8022,0.9173,1,0.8226,0.9230,1
MYS,Malaysia,Asia,South-eastern Asia,East Asia & Pacific,South,0.8111,0.728,0.9862,0.7192,97.69272633,2023,0.9769272633,13.0287,2023,59.4155,2023,0.9769272633,0.2518,0.9287,0.79238570326263,0.7112030476824,0.01871429673736999,0.01679695231759999,1.0236176607683787,0.2582,-0.2582,0.8655,0.7175,0.8473,0.8070,63,1,1,1,,0.25181049128239025,0.5798169321469594,0.74319755022064404,67,0.6523,0.7654,37,0.6054,0.7512,39,0.6625,0.7684,38
SMR,San Marino,Europe,Southern Europe,Europe & Central Asia,North,0.6551,0.3575,0.9491,0.6587,97.33640289,2023,0.9733640289000001,35.7876,2022,,,0.9733640289000001,,,0.63765077533239,0.34797764033175,0.017449224667609956,0.009522359668249976,1.0273648607398214,0.5916000000000001,-0.5916000000000001,0.9759,0.6952,0.9604,0.8670,43,1,1,0,HiTech_Pct missing or non-positive,0.69168014750647955,0.75437594564837185,0.83731479710719559,37,,,,,,,,,
LIE,Liechtenstein,Europe,Western Europe,Europe & Central Asia,North,0.8528,0.7416,0.9906,0.8263,98.13230133,2023,0.9813230133,49.4065,2023,,,0.9813230133,,,0.83687226574224,0.72774914666328,0.01592773425775996,0.013850853336719966,1.0190324556204922,0.249,-0.249,0.9947,0.8413,1.0000,0.9420,12,1,1,0,HiTech_Pct missing or non-positive,0.95489765191795151,0.92216647207856484,0.93726647650574346,5,,,,,,,,,
QAT,Qatar,Asia,Western Asia,"Middle East, North Africa, Afghanistan & Pakistan",South,0.8244,0.7655,0.9963,0.7114,98.15229797,2023,0.9815229797,11.6411,2023,2.7800,2023,0.9815229797,0.2250,0.0435,0.8091675444646801,0.75135584096035,0.015232455535319983,0.014144159039649985,1.0188248473873198,0.2308,-0.2308,0.9471,0.7062,1.0000,0.8750,40,1,1,1,,0.22499183418663668,0.56325090001769995,0.7834411176309044,55,0.2968,0.6675,59,0.2780,0.6567,61,0.3013,0.6700,60
DNK,Denmark,Europe,Northern Europe,Europe & Central Asia,North,0.9847,0.9992,0.9966,0.9584,98.77559197,2023,0.9877559197,44.0352,2023,17.1322,2023,0.9877559197,0.8511,0.2678,0.97264325412859,0.98696571496424,0.012056745871410016,0.012234285035760016,1.012395856158188,0.0025999999999999357,0.0025999999999999357,0.9520,0.9320,0.9713,0.9520,5,1,1,1,,0.8510845553062325,0.93510126216770972,0.94747164820806895,3,0.6841,0.8762,11,0.6836,0.8761,11,0.6871,0.8772,11
NOR,Norway,Europe,Northern Europe,Europe & Central Asia,North,0.9315,0.9117,0.9654,0.9175,99.00000258,2023,0.9900000258,45.4377,2023,25.6746,2023,0.9900000258,0.8782,0.4013,0.9221850240327,0.9025830235218599,0.009314975967299985,0.009116976478139985,1.0101009837771662,0.05370000000000008,-0.05370000000000008,0.9753,0.9354,0.9878,0.9660,2,1,1,1,,0.87819119019870473,0.92899658110564354,0.9565434051552637,1,0.7531,0.9077,5,0.7428,0.9045,4,0.7599,0.9097,5
MCO,Monaco,Europe,Western Europe,Europe & Central Asia,North,0.7175,0.4838,0.9171,0.7515,98.87049866,2023,0.9887049866,55.8836,2023,,,0.9887049866,,,0.7093958278855,0.47833547251708,0.00810417211450004,0.005464527482920026,1.0114240481772443,0.4333,-0.4333,,,,,,1,0,0,I_health missing,,,,,,,,,,,,,
BRN,Brunei Darussalam,Asia,South-eastern Asia,East Asia & Pacific,South,0.7554,0.5802,0.9868,0.6991,98.97039795,2023,0.9897039795000001,20.2120,2023,1.0193,2023,0.9897039795000001,0.3906,0.0159,0.7476223861143001,0.5742262489059001,0.007777613885699918,0.005973751094099937,1.0104031313536816,0.40659999999999996,-0.40659999999999996,0.8392,0.6879,0.9644,0.8230,55,1,1,1,,0.39064478035411604,0.6611853360669705,0.77891990079117568,56,0.2605,0.6171,74,0.2286,0.5973,81,0.2632,0.6187,78
LUX,Luxembourg,Europe,Western Europe,Europe & Central Asia,North,0.8466,0.7555,0.9888,0.7955,99.34785707,2023,0.9934785707,38.3793,2023,5.9793,2023,0.9934785707,0.7418,0.0935,0.8410789579546201,0.75057306016385,0.0055210420453799935,0.004926939836149994,1.0065642375108352,0.23330000000000006,-0.23330000000000006,0.9629,0.8264,1.0000,0.9270,20,1,1,1,,0.74177088950349923,0.85261902508861154,0.90757312810785384,18,0.4906,0.7904,30,0.4591,0.7774,33,0.4946,0.7921,33
KWT,Kuwait,Asia,Western Asia,"Middle East, North Africa, Afghanistan & Pakistan",South,0.7812,0.6366,0.9988,0.7083,99.74731125,2023,0.9974731124999999,1.0137,2023,1.7850,2023,0.9974731124999999,0.0196,0.0279,0.7792259954849999,0.6349913834175,0.0019740045150000583,0.0016086165825000475,1.0025332888358933,0.36219999999999997,-0.36219999999999997,0.9271,0.6839,0.9578,0.8470,49,1,1,1,,0.019592153861318396,0.24786522725967028,0.62287715891946838,102,0.1436,0.5434,100,0.1283,0.5283,100,0.1448,0.5445,103
BHR,Bahrain,Asia,Western Asia,"Middle East, North Africa, Afghanistan & Pakistan",South,0.9196,0.9031,0.9877,0.868,100.0,2023,1.0,17.1582,2023,0.3873,2023,1.0,0.3316,0.0061,0.9196,0.9031,0.0,0.0,1.0,0.08460000000000001,-0.08460000000000001,0.9115,0.8210,0.9349,0.8880,34,1,1,1,,0.33162286118503831,0.6731024038148441,0.82839321449002423,41,0.2073,0.6171,75,0.2028,0.6137,73,0.2087,0.6182,79
SAU,Saudi Arabia,Asia,Western Asia,"Middle East, North Africa, Afghanistan & Pakistan",South,0.9602,0.99,0.9841,0.9067,100.0,2023,1.0,43.5732,2023,0.5906,2023,1.0,0.8422,0.0092,0.9602,0.99,0.0,0.0,1.0,0.005900000000000016,0.005900000000000016,0.8908,0.7985,0.9406,0.8750,40,1,1,1,,0.84215531087106521,0.9316468025850434,0.88854177333108908,24,0.2939,0.6659,60,0.2935,0.6657,58,0.2958,0.6670,61
ARE,United Arab Emirates,Asia,Western Asia,"Middle East, North Africa, Afghanistan & Pakistan",South,0.9533,0.9163,1.0,0.9436,100.0,2023,1.0,37.0968,2023,8.9603,2023,1.0,0.7170,0.1401,0.9533,0.9163,0.0,0.0,1.0,0.0837,-0.0837,0.9107,0.9038,0.9982,0.9370,17,1,1,1,,0.71698353887990163,0.88087224449508661,0.92234742844870865,12,0.5562,0.8222,24,0.5442,0.8177,23,0.5567,0.8224,26
