Data Source,World Development Indicators,,,,,,,,,,,,,,,,,,,,,,,,,,,,,,,,,,,,,,,,,,,,,,,,,,,,,,,,,,,,,,,,,,,,
,,,,,,,,,,,,,,,,,,,,,,,,,,,,,,,,,,,,,,,,,,,,,,,,,,,,,,,,,,,,,,,,,,,,,
Last Updated Date,08-04-2026,,,,,,,,,,,,,,,,,,,,,,,,,,,,,,,,,,,,,,,,,,,,,,,,,,,,,,,,,,,,,,,,,,,,
,,,,,,,,,,,,,,,,,,,,,,,,,,,,,,,,,,,,,,,,,,,,,,,,,,,,,,,,,,,,,,,,,,,,,
Country Name,Country Code,Indicator Name,Indicator Code,1960,1961,1962,1963,1964,1965,1966,1967,1968,1969,1970,1971,1972,1973,1974,1975,1976,1977,1978,1979,1980,1981,1982,1983,1984,1985,1986,1987,1988,1989,1990,1991,1992,1993,1994,1995,1996,1997,1998,1999,2000,2001,2002,2003,2004,2005,2006,2007,2008,2009,2010,2011,2012,2013,2014,2015,2016,2017,2018,2019,2020,2021,2022,2023,2024,2025
Aruba,ABW,High-technology exports (% of manufactured exports),TX.VAL.TECH.MF.ZS,,,,,,,,,,,,,,,,,,,,,,,,,,,,,,,,,,,,,,,,,,,,,,,,,,4.012598924,4.130796618,4.79098829,11.2591843,5.140044047,7.322855269,4.968985791,4.042385319,6.617982256,8.516507298,4.95360767,6.756175387,4.817053303,7.125146545,6.868008364,,
Africa Eastern and Southern,AFE,High-technology exports (% of manufactured exports),TX.VAL.TECH.MF.ZS,,,,,,,,,,,,,,,,,,,,,,,,,,,,,,,,,,,,,,,,,,,,,,,,,,,,,,5.164242053,5.091622083,6.327384126,6.159918817,5.859464532,6.643231976,6.873922754,6.042708157,5.150418883,6.286598576,5.698389557,5.846761861,
Afghanistan,AFG,High-technology exports (% of manufactured exports),TX.VAL.TECH.MF.ZS,,,,,,,,,,,,,,,,,,,,,,,,,,,,,,,,,,,,,,,,,,,,,,,,,,,,,,,,,,,0,0,,,,,,
Africa Western and Central,AFW,High-technology exports (% of manufactured exports),TX.VAL.TECH.MF.ZS,,,,,,,,,,,,,,,,,,,,,,,,,,,,,,,,,,,,,,,,,,,,,,,,,,,,,,,6.911452613,5.086086358,3.815193453,4.733463208,5.602250716,5.415387629,,3.563753775,3.890730316,3.143223068,,
Angola,AGO,High-technology exports (% of manufactured exports),TX.VAL.TECH.MF.ZS,,,,,,,,,,,,,,,,,,,,,,,,,,,,,,,,,,,,,,,,,,,,,,,,,,,,,,,,12.60448589,12.98830509,19.3839507,23.31277546,27.49650169,23.39462138,16.12695404,22.063504,23.47141394,16.68972069,
Albania,ALB,High-technology exports (% of manufactured exports),TX.VAL.TECH.MF.ZS,,,,,,,,,,,,,,,,,,,,,,,,,,,,,,,,,,,,,,,,,,,,,,,,,,1.328193532,1.464517204,1.016872916,0.922637019,0.890238022,0.257234804,1.634190367,0.784313365,0.088457922,0.044701983,0.128427413,0.285854496,0.419509989,0.059640998,0.682326849,1.52935345,
Andorra,AND,High-technology exports (% of manufactured exports),TX.VAL.TECH.MF.ZS,,,,,,,,,,,,,,,,,,,,,,,,,,,,,,,,,,,,,,,,,,,,,,,,23.57168146,16.09083871,12.09678084,23.45580605,18.49017805,20.64765735,23.59478669,20.68648662,22.64556919,24.43091064,23.25131895,28.46039503,32.52159159,23.04060883,24.38067625,13.30766136,21.43463192,,
Arab World,ARB,High-technology exports (% of manufactured exports),TX.VAL.TECH.MF.ZS,,,,,,,,,,,,,,,,,,,,,,,,,,,,,,,,,,,,,,,,,,,,,,,,,,,,,1.882813573,1.884957318,3.869307652,2.825548208,1.866951236,1.747899232,2.080795795,2.000645464,4.253374966,4.518778951,4.471280059,4.962554096,,
United Arab Emirates,ARE,High-technology exports (% of manufactured exports),TX.VAL.TECH.MF.ZS,,,,,,,,,,,,,,,,,,,,,,,,,,,,,,,,,,,,,,,,,,,,,,,,,3.306515466,,,,3.766659993,3.607384386,10.16951897,5.301997688,2.619028405,2.84060044,2.903264325,2.998655779,5.377044928,8.957962657,9.287760224,8.960293974,,
Argentina,ARG,High-technology exports (% of manufactured exports),TX.VAL.TECH.MF.ZS,,,,,,,,,,,,,,,,,,,,,,,,,,,,,,,,,,,,,,,,,,,,,,,,6.96172315,9.328173532,9.029702872,7.68411002,7.321730602,6.636366956,7.458207449,7.061134904,9.22572828,8.98239948,9.20544177,5.402984101,5.212790589,6.903889256,4.422891393,4.751575243,5.449594406,3.850196975,
Armenia,ARM,High-technology exports (% of manufactured exports),TX.VAL.TECH.MF.ZS,,,,,,,,,,,,,,,,,,,,,,,,,,,,,,,,,,,,,,,,,,,,,,,,1.139895987,1.573331283,2.842802075,2.324448641,3.37333606,2.850901735,3.027848292,3.021633792,5.651814377,6.13769143,7.56330478,7.101474215,9.791101105,7.140636672,5.956719937,21.84752834,20.90515602,23.64032705,
American Samoa,ASM,High-technology exports (% of manufactured exports),TX.VAL.TECH.MF.ZS,,,,,,,,,,,,,,,,,,,,,,,,,,,,,,,,,,,,,,,,,,,,,,,,,,,,,,,,,,,,,,,,,,
Antigua and Barbuda,ATG,High-technology exports (% of manufactured exports),TX.VAL.TECH.MF.ZS,,,,,,,,,,,,,,,,,,,,,,,,,,,,,,,,,,,,,,,,,,,,,,,,,,,,,,0,0,0,0.026055698,0.375050372,0.613426845,0,0,0,0,0,0,
Australia,AUS,High-technology exports (% of manufactured exports),TX.VAL.TECH.MF.ZS,,,,,,,,,,,,,,,,,,,,,,,,,,,,,,,,,,,,,,,,,,,,,,,,14.53864876,15.3573763,16.67130307,16.51330126,17.95161777,17.28555533,18.00751438,18.99613047,19.69214725,20.62750447,18.09679246,18.13710182,21.21993324,21.47578987,22.3940766,25.83187041,25.25827771,25.15864165,
Austria,AUT,High-technology exports (% of manufactured exports),TX.VAL.TECH.MF.ZS,,,,,,,,,,,,,,,,,,,,,,,,,,,,,,,,,,,,,,,,,,,,,,,,12.98402411,12.66111947,13.4379155,13.70537389,13.25542425,14.5446789,15.36906487,15.49044901,15.03273199,14.45325919,12.8851997,11.65007598,11.48253488,12.27189577,11.01712214,14.91417025,15.92326979,18.45257669,
Azerbaijan,AZE,High-technology exports (% of manufactured exports),TX.VAL.TECH.MF.ZS,,,,,,,,,,,,,,,,,,,,,,,,,,,,,,,,,,,,,,,,,,,,,,,,4.309569219,1.150116895,1.016460669,1.368551661,1.731821187,8.55945903,13.77396721,7.729481744,3.899225068,2.812210783,3.301082299,4.345525061,4.951593404,7.067279517,2.097104231,3.912944162,4.172244876,2.910950881,
Burundi,BDI,High-technology exports (% of manufactured exports),TX.VAL.TECH.MF.ZS,,,,,,,,,,,,,,,,,,,,,,,,,,,,,,,,,,,,,,,,,,,,,,,,,,,,,,0.308296619,1.457298325,3.492667709,3.195982557,1.663621512,25.93632548,0.470990948,0.120495502,0.250001784,1.117924092,1.30508367,,
Belgium,BEL,High-technology exports (% of manufactured exports),TX.VAL.TECH.MF.ZS,,,,,,,,,,,,,,,,,,,,,,,,,,,,,,,,,,,,,,,,,,,,,,,,8.465838636,8.946949838,11.35754454,9.265230104,8.674838406,8.942000799,10.64061175,11.93935173,12.33517397,13.33124516,11.49179036,11.70586406,14.14401388,15.26186158,21.37996388,22.81791352,18.66682276,20.39214534,
Benin,BEN,High-technology exports (% of manufactured exports),TX.VAL.TECH.MF.ZS,,,,,,,,,,,,,,,,,,,,,,,,,,,,,,,,,,,,,,,,,,,,,,,,,,,,,,1.275855655,4.135343881,1.625438077,1.244878302,4.670718405,2.842286786,1.48291432,1.84364943,2.698446899,4.287156206,4.41801514,30.53895843,
Burkina Faso,BFA,High-technology exports (% of manufactured exports),TX.VAL.TECH.MF.ZS,,,,,,,,,,,,,,,,,,,,,,,,,,,,,,,,,,,,,,,,,,,,,,,,,,17.2007992,16.58322814,10.78721697,8.624837622,14.01696153,11.05877129,4.960277402,5.944967255,5.758531076,5.880928593,25.78715121,3.4012348,2.256539168,1.528998976,3.797846598,1.64548902,
Bangladesh,BGD,High-technology exports (% of manufactured exports),TX.VAL.TECH.MF.ZS,,,,,,,,,,,,,,,,,,,,,,,,,,,,,,,,,,,,,,,,,,,,,,,,,0.435480467,0.306260591,0.213025598,0.195064696,0.463362848,0.299089378,,0.307867105,0.242933626,0.426450633,0.539452074,,,,,,,
Bulgaria,BGR,High-technology exports (% of manufactured exports),TX.VAL.TECH.MF.ZS,,,,,,,,,,,,,,,,,,,,,,,,,,,,,,,,,,,,,,,,,,,,,,,,6.293505581,6.973037603,8.666033283,8.404251577,7.815687938,8.047553928,8.294402193,7.578000868,8.450266713,8.986103053,9.636088545,10.37289026,10.85231018,11.30327258,10.92447357,10.38267754,12.05789442,13.42996837,
Bahrain,BHR,High-technology exports (% of manufactured exports),TX.VAL.TECH.MF.ZS,,,,,,,,,,,,,,,,,,,,,,,,,,,,,,,,,,,,,,,,,,,,,,,,,,0.031213136,0.110260455,0.152292186,0.386615907,0.592038996,1.49913896,0.935614309,1.05834005,0.624948583,0.449030021,4.448498336,8.973661056,0.590590043,0.569959196,0.387343645,,
"Bahamas, The",BHS,High-technology exports (% of manufactured exports),TX.VAL.TECH.MF.ZS,,,,,,,,,,,,,,,,,,,,,,,,,,,,,,,,,,,,,,,,,,,,,,,,,,3.271118397403E-05,0.001796119,0,0,0,0,0,2.104436658,7.802953484,1.966441851,1.205448766,3.044762603,0.261199966,0,0.013824765,0,
Bosnia and Herzegovina,BIH,High-technology exports (% of manufactured exports),TX.VAL.TECH.MF.ZS,,,,,,,,,,,,,,,,,,,,,,,,,,,,,,,,,,,,,,,,,,,,,,,,,4.507324519,3.540545081,2.833117981,3.271703368,2.617832063,2.40453152,2.495153151,2.963819947,2.734423809,5.443549338,5.254743019,5.26613569,4.614452474,5.316222002,5.224749178,4.967053666,6.163173571,
Belarus,BLR,High-technology exports (% of manufactured exports),TX.VAL.TECH.MF.ZS,,,,,,,,,,,,,,,,,,,,,,,,,,,,,,,,,,,,,,,,,,,,,,,,,2.434081276,3.151960934,3.058112421,2.56526353,2.837467803,4.604536191,4.169562891,4.479735581,4.875279753,4.60498281,4.283890659,4.497113096,5.098125922,6.015768464,,,,
Belize,BLZ,High-technology exports (% of manufactured exports),TX.VAL.TECH.MF.ZS,,,,,,,,,,,,,,,,,,,,,,,,,,,,,,,,,,,,,,,,,,,,,,,,,,,0,0.008498722,0,0,0,0,0,8.17033581469156E-05,0.066546021,0,0.938240934,0.191639909,0.000182432,0,0.000191088,
Bermuda,BMU,High-technology exports (% of manufactured exports),TX.VAL.TECH.MF.ZS,,,,,,,,,,,,,,,,,,,,,,,,,,,,,,,,,,,,,,,,,,,,,,,,,,,,,12.34846455,12.60000423,28.60412471,27.16155607,48.78536566,21.78901214,17.05594131,6.940526788,5.482394182,8.074360497,12.54029083,14.93728182,14.30074328,
Bolivia,BOL,High-technology exports (% of manufactured exports),TX.VAL.TECH.MF.ZS,,,,,,,,,,,,,,,,,,,,,,,,,,,,,,,,,,,,,,,,,,,,,,,,4.632051477,4.357863035,4.866639568,8.396434267,13.2668527,9.223496529,9.364909775,8.057902583,6.402594479,4.459966573,5.871506761,5.048555728,3.45205028,4.325217851,4.548883143,5.517697487,8.165170226,8.793950834,
Brazil,BRA,High-technology exports (% of manufactured exports),TX.VAL.TECH.MF.ZS,,,,,,,,,,,,,,,,,,,,,,,,,,,,,,,,,,,,,,,,,,,,,,,,12.62783569,12.76152696,14.75878205,12.59014687,11.14090814,11.88722129,11.9698618,12.37116887,14.48589962,16.00016428,14.31188922,14.74424183,14.06680521,11.35009427,9.0015542,9.11134628,9.84914935,11.11036442,
Barbados,BRB,High-technology exports (% of manufactured exports),TX.VAL.TECH.MF.ZS,,,,,,,,,,,,,,,,,,,,,,,,,,,,,,,,,,,,,,,,,,,,,,,,,,,,,,,,,,,,13.69212972,20.30382213,17.15596635,17.01173931,18.43361349,19.92635576,
Brunei Darussalam,BRN,High-technology exports (% of manufactured exports),TX.VAL.TECH.MF.ZS,,,,,,,,,,,,,,,,,,,,,,,,,,,,,,,,,,,,,,,,,,,,,,,,,,17.13034824,27.02643704,20.87048889,13.79283557,16.28734919,8.560459141,19.09193069,13.57667442,29.84947115,0.042429712,8.093970139,1.338957049,1.360917585,1.044259604,1.019250568,1.064334595,
Bhutan,BTN,High-technology exports (% of manufactured exports),TX.VAL.TECH.MF.ZS,,,,,,,,,,,,,,,,,,,,,,,,,,,,,,,,,,,,,,,,,,,,,,,,0.751439729,0.126757285,0.215969979,0.13731061,8.75610659565705E-05,0.02303265,,,,1.603328997,0.486233814,0.094518901,0.058654072,0.08180809,,0.012217994,0.010726152,,
Botswana,BWA,High-technology exports (% of manufactured exports),TX.VAL.TECH.MF.ZS,,,,,,,,,,,,,,,,,,,,,,,,,,,,,,,,,,,,,,,,,,,,,,,,,,,,,,0.399203014,0.257049739,0.6972176,0.424915581,0.957704009,0.611075284,0.365247159,0.405712803,0.330785941,0.502381294,0.539469031,,
Central African Republic,CAF,High-technology exports (% of manufactured exports),TX.VAL.TECH.MF.ZS,,,,,,,,,,,,,,,,,,,,,,,,,,,,,,,,,,,,,,,,,,,,,,,,,,,22.62927138,0.032534625,1.413306999,0.289135277,,5.268427891,11.77186175,22.07636162,29.01931806,95.61793507,0.670838356,7.66912447,37.29740468,1.878566968,8.299780422,
Canada,CAN,High-technology exports (% of manufactured exports),TX.VAL.TECH.MF.ZS,,,,,,,,,,,,,,,,,,,,,,,,,,,,,,,,,,,,,,,,,,,,,,,,14.76969519,15.18304519,17.87270149,15.50054129,14.71264297,15.61869285,15.49413291,14.66645309,14.82867953,14.09961169,14.34880557,15.4222843,17.13092091,16.75870898,16.33762889,15.14897654,16.37179544,16.77790298,
Central Europe and the Baltics,CEB,High-technology exports (% of manufactured exports),TX.VAL.TECH.MF.ZS,,,,,,,,,,,,,,,,,,,,,,,,,,,,,,,,,,,,,,,,,,,,,,,,10.98271528,11.34923972,12.93430347,13.2546131,12.95583515,12.62819855,12.46662415,12.62249691,13.14071855,13.11322137,12.94629875,13.05134686,13.15310585,13.73432373,12.72682189,14.02781945,14.27188283,15.88097722,
Switzerland,CHE,High-technology exports (% of manufactured exports),TX.VAL.TECH.MF.ZS,,,,,,,,,,,,,,,,,,,,,,,,,,,,,,,,,,,,,,,,,,,,,,,,23.63737932,24.70465088,26.38238159,25.80901187,25.27353949,26.0587679,26.75106783,26.65872834,27.05151,27.33545717,14.02385686,13.31821693,12.90949367,12.84508671,14.23506327,29.9881398,29.3340287,29.62390152,
Channel Islands,CHI,High-technology exports (% of manufactured exports),TX.VAL.TECH.MF.ZS,,,,,,,,,,,,,,,,,,,,,,,,,,,,,,,,,,,,,,,,,,,,,,,,,,,,,,,,,,,,,,,,,,
Chile,CHL,High-technology exports (% of manufactured exports),TX.VAL.TECH.MF.ZS,,,,,,,,,,,,,,,,,,,,,,,,,,,,,,,,,,,,,,,,,,,,,,,,7.821874911,6.559052056,6.605275311,6.239581866,5.120838175,5.436279356,6.694622315,7.091793651,6.722530526,8.424379559,7.106096475,6.911410994,7.632882021,15.97505834,12.44177486,6.936726841,10.71956334,8.316503075,
China,CHN,High-technology exports (% of manufactured exports),TX.VAL.TECH.MF.ZS,,,,,,,,,,,,,,,,,,,,,,,,,,,,,,,,,,,,,,,,,,,,,,,,30.23749391,29.43193445,31.97757697,32.15011697,30.50047966,30.86180852,31.58558133,29.70372718,30.43126727,30.25452323,30.91186398,31.54814786,30.8186303,31.27661542,30.21907328,27.76506126,26.56821365,26.27773805,
Cote d'Ivoire,CIV,High-technology exports (% of manufactured exports),TX.VAL.TECH.MF.ZS,,,,,,,,,,,,,,,,,,,,,,,,,,,,,,,,,,,,,,,,,,,,,,,,,15.37777542,12.47406659,4.247840128,16.69300892,8.970499626,4.359296595,11.38867888,7.209722086,8.593672231,7.015540668,6.559992801,11.23151885,5.112940249,3.863366454,3.556570329,4.41310726,5.257594121,
Cameroon,CMR,High-technology exports (% of manufactured exports),TX.VAL.TECH.MF.ZS,,,,,,,,,,,,,,,,,,,,,,,,,,,,,,,,,,,,,,,,,,,,,,,,,,,,,,3.204353022,6.841551246,4.857325353,5.618417735,6.017404018,7.025364115,5.119075846,3.083822424,2.15123167,3.28864706,2.103630292,,
"Congo, Dem. Rep.",COD,High-technology exports (% of manufactured exports),TX.VAL.TECH.MF.ZS,,,,,,,,,,,,,,,,,,,,,,,,,,,,,,,,,,,,,,,,,,,,,,,,,,,,,,,,2.604479305,0.310225165,0.184343688,0.246252589,0.782215716,0.506820617,0.078234669,0.723158682,0.199611665,,
"Congo, Rep.",COG,High-technology exports (% of manufactured exports),TX.VAL.TECH.MF.ZS,,,,,,,,,,,,,,,,,,,,,,,,,,,,,,,,,,,,,,,,,,,,,,,,,,,,,,,1.090859863,0.92625389,1.159504105,2.006574111,2.524743618,6.342190695,4.549873278,6.537112475,4.327226542,3.159722346,,
Colombia,COL,High-technology exports (% of manufactured exports),TX.VAL.TECH.MF.ZS,,,,,,,,,,,,,,,,,,,,,,,,,,,,,,,,,,,,,,,,,,,,,,,,3.065299821,4.015392091,5.554225954,5.362534596,4.679630344,5.677428915,7.768436633,8.119834963,9.84934562,10.18579578,8.962362764,7.221392514,9.048456162,9.913551572,8.209149609,8.401826372,8.599891598,9.024697049,
Comoros,COM,High-technology exports (% of manufactured exports),TX.VAL.TECH.MF.ZS,,,,,,,,,,,,,,,,,,,,,,,,,,,,,,,,,,,,,,,,,,,,,,,,,,,,,,,2.12626127,3.227019968,0.230530376,27.39812915,0.17260788,3.030446007,0.574929086,0.20688391,0.307330847,3.139072048,,
Cabo Verde,CPV,High-technology exports (% of manufactured exports),TX.VAL.TECH.MF.ZS,,,,,,,,,,,,,,,,,,,,,,,,,,,,,,,,,,,,,,,,,,,,,,,,,,0,0,0.601739057,0,,0.002953693,,,,9.64098963151736E-05,1.323279335,0.760204523,2.038021425,3.476540002,1.152150058,,
Costa Rica,CRI,High-technology exports (% of manufactured exports),TX.VAL.TECH.MF.ZS,,,,,,,,,,,,,,,,,,,,,,,,,,,,,,,,,,,,,,,,,,,,,,,,45.44471779,39.57329478,44.26012929,40.14731307,40.99713032,39.78983017,43.44155138,36.50618338,16.98407796,18.44247052,18.49521818,18.46688402,17.564935,15.68196103,16.96700055,21.974896,24.17778915,22.8587994,
Caribbean small states,CSS,High-technology exports (% of manufactured exports),TX.VAL.TECH.MF.ZS,,,,,,,,,,,,,,,,,,,,,,,,,,,,,,,,,,,,,,,,,,,,,,,,,,,4.867142824,0.001836087,0,0,0,0,1.372202403,5.140534617,1.424681459,0.791078006,2.137576747,0.208705084,3.55434662517716E-05,0.010713792,4.36134895566411E-05,
Cuba,CUB,High-technology exports (% of manufactured exports),TX.VAL.TECH.MF.ZS,,,,,,,,,,,,,,,,,,,,,,,,,,,,,,,,,,,,,,,,,,,,,,,,,,,,,,,,,35.00333202,21.11088362,11.49891607,17.41699975,9.828898804,70.08656603,7.875589132,,,
Curacao,CUW,High-technology exports (% of manufactured exports),TX.VAL.TECH.MF.ZS,,,,,,,,,,,,,,,,,,,,,,,,,,,,,,,,,,,,,,,,,,,,,,,,,,,,,,,,,,,,,,,,,,
Cayman Islands,CYM,High-technology exports (% of manufactured exports),TX.VAL.TECH.MF.ZS,,,,,,,,,,,,,,,,,,,,,,,,,,,,,,,,,,,,,,,,,,,,,,,,,,,,,,,,,,,,,69.59947433,67.76533746,56.64670519,47.70141333,85.52322839,
Cyprus,CYP,High-technology exports (% of manufactured exports),TX.VAL.TECH.MF.ZS,,,,,,,,,,,,,,,,,,,,,,,,,,,,,,,,,,,,,,,,,,,,,,,,31.2956562,32.01723722,32.5294262,38.20151981,30.35854355,16.59149678,13.08339846,14.52826332,12.7108239,13.328515,13.34996114,19.85679409,19.87421589,12.24482773,15.96900268,17.65959812,18.74195339,18.03292345,
Czechia,CZE,High-technology exports (% of manufactured exports),TX.VAL.TECH.MF.ZS,,,,,,,,,,,,,,,,,,,,,,,,,,,,,,,,,,,,,,,,,,,,,,,,15.28616586,15.78993503,17.44354068,17.87610738,18.71535272,18.58920634,17.33436851,17.3712318,17.7344072,16.87280214,17.82925682,19.55499779,20.71041302,22.58251526,20.35609093,21.8353619,20.30272399,22.40452153,
Germany,DEU,High-technology exports (% of manufactured exports),TX.VAL.TECH.MF.ZS,,,,,,,,,,,,,,,,,,,,,,,,,,,,,,,,,,,,,,,,,,,,,,,,15.46239259,15.0762416,16.79429103,16.88968553,16.34171863,17.22728619,17.2979906,17.20971497,17.82437528,18.08270142,15.85057879,15.74743356,16.38694056,15.50319599,15.38510482,17.49815056,17.78183748,17.97729904,
Djibouti,DJI,High-technology exports (% of manufactured exports),TX.VAL.TECH.MF.ZS,,,,,,,,,,,,,,,,,,,,,,,,,,,,,,,,,,,,,,,,,,,,,,,,,,0.923621453,,,,,,,,,,,,2.628276212,3.024177421,3.275500222,,
Dominica,DMA,High-technology exports (% of manufactured exports),TX.VAL.TECH.MF.ZS,,,,,,,,,,,,,,,,,,,,,,,,,,,,,,,,,,,,,,,,,,,,,,,,,,0,0.83741235,,9.006074095,5.940539926,,,9.623349243,8.330018176,5.331808639,16.90506501,1.694410125,3.305330778,27.59466266,2.883282332,,
Denmark,DNK,High-technology exports (% of manufactured exports),TX.VAL.TECH.MF.ZS,,,,,,,,,,,,,,,,,,,,,,,,,,,,,,,,,,,,,,,,,,,,,,,,18.25736249,16.85703411,18.93105121,15.46884093,15.2745652,15.8263351,15.82259116,15.71796053,17.1655002,14.88332424,12.42792228,12.35473019,12.03999674,13.23439255,13.9247982,15.98828923,17.13215758,17.61944985,
Dominican Republic,DOM,High-technology exports (% of manufactured exports),TX.VAL.TECH.MF.ZS,,,,,,,,,,,,,,,,,,,,,,,,,,,,,,,,,,,,,,,,,,,,,,,,13.66133043,7.136427978,4.853737826,2.34947428,2.385705678,3.200658236,4.454537762,4.305050412,3.966846975,4.421814825,8.356271499,6.398157063,6.347611764,8.727411743,8.480050015,6.018790559,6.0309294,7.688683514,
Algeria,DZA,High-technology exports (% of manufactured exports),TX.VAL.TECH.MF.ZS,,,,,,,,,,,,,,,,,,,,,,,,,,,,,,,,,,,,,,,,,,,,,,,,1.203712863,1.041776034,1.176791092,1.167900418,0.541468263,0.343094841,0.569890658,0.328391631,0.233281066,0.489614088,0.960396673,,,,,,,,
East Asia & Pacific (excluding high income),EAP,High-technology exports (% of manufactured exports),TX.VAL.TECH.MF.ZS,,,,,,,,,,,,,,,,,,,,,,,,,,,,,,,,,,,,,,,,,,,,,,,,29.79241983,28.14595457,32.64354297,30.92647574,29.12791908,29.76797556,30.49543513,29.26850106,29.99556953,29.96455664,31.70722305,32.16664541,31.72104878,32.60162766,31.17575308,30.1110229,29.43613061,28.01815649,
Early-demographic dividend,EAR,High-technology exports (% of manufactured exports),TX.VAL.TECH.MF.ZS,,,,,,,,,,,,,,,,,,,,,,,,,,,,,,,,,,,,,,,,,,,,,,,,,,8.63465377,8.657284989,7.687074785,7.885056184,7.730896735,8.108696106,8.578510664,8.603038423,10.32123727,10.42232631,10.99738299,12.71201489,10.97976997,11.4598384,12.5949808,14.17694933,
East Asia & Pacific,EAS,High-technology exports (% of manufactured exports),TX.VAL.TECH.MF.ZS,,,,,,,,,,,,,,,,,,,,,,,,,,,,,,,,,,,,,,,,,,,,,,,,28.05898422,27.7267429,31.08233674,30.5947328,27.48847056,27.58582054,28.02929555,27.2474484,28.04728314,28.09944516,33.86755403,34.51512211,33.97909013,35.89150582,35.26648983,35.03803897,33.77211139,34.68059315,
Europe & Central Asia (excluding high income),ECA,High-technology exports (% of manufactured exports),TX.VAL.TECH.MF.ZS,,,,,,,,,,,,,,,,,,,,,,,,,,,,,,,,,,,,,,,,,,,,,,,,,,7.52411386,9.157064105,6.960184446,8.592880969,10.67695235,10.37807433,9.459235077,7.209755293,6.392601396,6.076801891,6.964276816,7.648399233,6.385868498,8.30282609,9.236497626,10.67798881,
Europe & Central Asia,ECS,High-technology exports (% of manufactured exports),TX.VAL.TECH.MF.ZS,,,,,,,,,,,,,,,,,,,,,,,,,,,,,,,,,,,,,,,,,,,,,,,,15.74964544,15.34872263,16.97315233,17.08418312,16.28701433,16.73343514,17.0439681,17.11948617,17.99114429,18.24537818,16.05865974,15.59115389,16.24285154,15.88303917,16.11933138,19.94240759,20.20133787,21.42616861,
Ecuador,ECU,High-technology exports (% of manufactured exports),TX.VAL.TECH.MF.ZS,,,,,,,,,,,,,,,,,,,,,,,,,,,,,,,,,,,,,,,,,,,,,,,,,5.451739638,4.465955117,8.740267497,3.576748277,2.933206023,5.235662283,5.637215369,7.688544036,9.192473608,7.956916349,5.299908738,5.52377826,4.281927595,4.840963174,6.711579234,7.274233854,9.998363907,
"Egypt, Arab Rep.",EGY,High-technology exports (% of manufactured exports),TX.VAL.TECH.MF.ZS,,,,,,,,,,,,,,,,,,,,,,,,,,,,,,,,,,,,,,,,,,,,,,,,,1.05467692,0.854871974,0.953019871,0.991983727,0.616321015,0.534837648,1.252666023,0.795057682,0.504375385,0.565232576,0.862813543,2.345265841,2.554901061,3.170819271,3.402049875,3.162868784,3.812900878,
Euro area,EMU,High-technology exports (% of manufactured exports),TX.VAL.TECH.MF.ZS,,,,,,,,,,,,,,,,,,,,,,,,,,,,,,,,,,,,,,,,,,,,,,,,15.74707315,15.43577254,16.95609094,16.80692316,16.09816804,16.73930835,16.82783178,17.00214804,17.7833672,18.22744675,16.61782871,16.15336488,16.84985238,16.40764873,16.93905145,19.85554496,19.93462455,21.35165845,
Eritrea,ERI,High-technology exports (% of manufactured exports),TX.VAL.TECH.MF.ZS,,,,,,,,,,,,,,,,,,,,,,,,,,,,,,,,,,,,,,,,,,,,,,,,,,,,,,,,,,,,,,,,,,
Spain,ESP,High-technology exports (% of manufactured exports),TX.VAL.TECH.MF.ZS,,,,,,,,,,,,,,,,,,,,,,,,,,,,,,,,,,,,,,,,,,,,,,,,5.612971049,5.584880898,6.473240561,6.558198312,6.586263992,7.250806634,6.97005296,6.912153615,6.888335065,7.802481411,6.999490135,6.766935487,6.846400911,7.768421355,9.393203822,12.58371879,9.562535616,9.284476616,
Estonia,EST,High-technology exports (% of manufactured exports),TX.VAL.TECH.MF.ZS,,,,,,,,,,,,,,,,,,,,,,,,,,,,,,,,,,,,,,,,,,,,,,,,12.12572314,11.43800799,11.38593685,15.73465066,22.22682757,20.5676117,20.67611482,23.65243882,22.71446763,21.90725837,17.96469428,18.20452601,16.96442487,20.62162643,20.63011556,18.01864383,16.58116052,18.38298014,
Ethiopia,ETH,High-technology exports (% of manufactured exports),TX.VAL.TECH.MF.ZS,,,,,,,,,,,,,,,,,,,,,,,,,,,,,,,,,,,,,,,,,,,,,,,,,6.068884397,5.43459859,4.909920323,2.240081132,3.44999501,1.850357154,9.130960303,6.194527863,6.827402694,5.839371939,13.64515256,9.423392211,13.10145253,8.546588832,3.210265749,3.750620558,,
European Union,EUU,High-technology exports (% of manufactured exports),TX.VAL.TECH.MF.ZS,,,,,,,,,,,,,,,,,,,,,,,,,,,,,,,,,,,,,,,,,,,,,,,,15.58924911,15.31695984,16.87322542,16.68720115,16.00229928,16.45241269,16.4670948,16.60662793,17.36916356,17.66102632,16.14417131,15.74311265,16.34749999,16.06409997,16.37627386,19.12272998,19.23184226,20.61664599,
Fragile and conflict affected situations,FCS,High-technology exports (% of manufactured exports),TX.VAL.TECH.MF.ZS,,,,,,,,,,,,,,,,,,,,,,,,,,,,,,,,,,,,,,,,,,,,,,,,,,,,,,,,,,,,,,,,,,
Finland,FIN,High-technology exports (% of manufactured exports),TX.VAL.TECH.MF.ZS,,,,,,,,,,,,,,,,,,,,,,,,,,,,,,,,,,,,,,,,,,,,,,,,21.76775596,21.48788993,18.01597996,13.14686376,11.07546105,10.47391369,9.026432579,10.05252061,10.18428279,10.05282978,9.657314733,9.01765355,9.214701206,9.982300253,10.29375385,9.623928437,9.714022595,9.285226596,
Fiji,FJI,High-technology exports (% of manufactured exports),TX.VAL.TECH.MF.ZS,,,,,,,,,,,,,,,,,,,,,,,,,,,,,,,,,,,,,,,,,,,,,,,,,3.969327231,5.072555507,4.225232544,4.335384495,2.389502197,2.377898718,2.648580947,2.400883593,2.842033587,3.5348889,3.803222488,5.679975433,10.85087491,1.909128737,2.241245878,1.646797844,2.998748414,
France,FRA,High-technology exports (% of manufactured exports),TX.VAL.TECH.MF.ZS,,,,,,,,,,,,,,,,,,,,,,,,,,,,,,,,,,,,,,,,,,,,,,,,20.14283495,21.46179767,24.12355762,26.32338001,25.11935859,26.69063196,27.18171776,27.47027367,28.21169085,27.93318016,26.0180219,25.93478493,26.92659764,21.19204052,22.30500309,21.92646113,22.38354497,23.13710738,
Faroe Islands,FRO,High-technology exports (% of manufactured exports),TX.VAL.TECH.MF.ZS,,,,,,,,,,,,,,,,,,,,,,,,,,,,,,,,,,,,,,,,,,,,,,,,0.479344012,4.80459785,0.637987564,,,,,,,,,,,,,,,,
"Micronesia, Fed. Sts.",FSM,High-technology exports (% of manufactured exports),TX.VAL.TECH.MF.ZS,,,,,,,,,,,,,,,,,,,,,,,,,,,,,,,,,,,,,,,,,,,,,,,,,,,,,,,,,,,,,,,,,,
Gabon,GAB,High-technology exports (% of manufactured exports),TX.VAL.TECH.MF.ZS,,,,,,,,,,,,,,,,,,,,,,,,,,,,,,,,,,,,,,,,,,,,,,,,,,,25.275426,11.10942205,4.21780646,0.959610779,1.627332257,1.081085549,1.576420165,3.227817758,2.995356488,2.346386689,2.389734241,1.483325896,3.907584942,1.773135704,,
United Kingdom,GBR,High-technology exports (% of manufactured exports),TX.VAL.TECH.MF.ZS,,,,,,,,,,,,,,,,,,,,,,,,,,,,,,,,,,,,,,,,,,,,,,,,20.88082059,20.61678656,20.46852871,23.30365863,23.30572182,23.46019672,23.58764249,22.20447501,22.33359077,23.5591126,22.61946496,22.33311186,23.09420011,23.0073605,23.86540572,27.15977082,28.89171461,29.23326001,
Georgia,GEO,High-technology exports (% of manufactured exports),TX.VAL.TECH.MF.ZS,,,,,,,,,,,,,,,,,,,,,,,,,,,,,,,,,,,,,,,,,,,,,,,,,,4.120193125,2.033272772,1.507329746,2.493542278,2.538402617,3.077265249,5.789104667,3.448534871,2.966863973,2.886770868,2.076841355,2.125286771,1.602893022,2.949200903,2.293037544,3.783815395,
Ghana,GHA,High-technology exports (% of manufactured exports),TX.VAL.TECH.MF.ZS,,,,,,,,,,,,,,,,,,,,,,,,,,,,,,,,,,,,,,,,,,,,,,,,,,,2.401205223,1.706159338,7.593666113,5.100931636,6.744540366,7.585975796,2.298139744,4.427172319,8.305354209,1.143254011,,0.726084594,1.957407169,2.110037622,,
Gibraltar,GIB,High-technology exports (% of manufactured exports),TX.VAL.TECH.MF.ZS,,,,,,,,,,,,,,,,,,,,,,,,,,,,,,,,,,,,,,,,,,,,,,,,,,,,,,,,,,,,,,,,,,
Guinea,GIN,High-technology exports (% of manufactured exports),TX.VAL.TECH.MF.ZS,,,,,,,,,,,,,,,,,,,,,,,,,,,,,,,,,,,,,,,,,,,,,,,,,,,,,,2.496890337,5.082024553,0.959602494,0.899971742,,,,,,,,,
"Gambia, The",GMB,High-technology exports (% of manufactured exports),TX.VAL.TECH.MF.ZS,,,,,,,,,,,,,,,,,,,,,,,,,,,,,,,,,,,,,,,,,,,,,,,,,,,,4.043589914,0.17501473,3.421153698,0,1.064935065,0,0.360381487,1.741529962,0.040954839,0.886698822,0.000735978,3.21248823,2.342309834,3.347578964,
Guinea-Bissau,GNB,High-technology exports (% of manufactured exports),TX.VAL.TECH.MF.ZS,,,,,,,,,,,,,,,,,,,,,,,,,,,,,,,,,,,,,,,,,,,,,,,,,,,,,,,,5.806451613,,,,,,,,,,
Equatorial Guinea,GNQ,High-technology exports (% of manufactured exports),TX.VAL.TECH.MF.ZS,,,,,,,,,,,,,,,,,,,,,,,,,,,,,,,,,,,,,,,,,,,,,,,,,,,,,,,,,,,,,,,,,,
Greece,GRC,High-technology exports (% of manufactured exports),TX.VAL.TECH.MF.ZS,,,,,,,,,,,,,,,,,,,,,,,,,,,,,,,,,,,,,,,,,,,,,,,,9.114468171,10.85066749,12.22717842,11.59565585,11.25058622,10.14358506,8.478931881,11.50603126,12.92182531,13.72700812,12.11488958,12.95518895,12.52225556,13.25186697,12.28486815,14.47086518,15.15153377,15.01149486,
Grenada,GRD,High-technology exports (% of manufactured exports),TX.VAL.TECH.MF.ZS,,,,,,,,,,,,,,,,,,,,,,,,,,,,,,,,,,,,,,,,,,,,,,,,,,,2.027000726,1.851487104,3.290585889,2.77590686,15.65073253,5.974957013,32.21836712,7.165029605,12.72364332,11.44444448,2.975907461,1.241457582,2.17718749,3.007761342,6.44344462,
Greenland,GRL,High-technology exports (% of manufactured exports),TX.VAL.TECH.MF.ZS,,,,,,,,,,,,,,,,,,,,,,,,,,,,,,,,,,,,,,,,,,,,,,,,14.10481423,4.272388466,1.636433274,47.27187626,8.709037343,47.28587488,1.461121743,1.042664649,78.47652795,4.806625452,4.337187292,1.709249205,,,,,,,
Guatemala,GTM,High-technology exports (% of manufactured exports),TX.VAL.TECH.MF.ZS,,,,,,,,,,,,,,,,,,,,,,,,,,,,,,,,,,,,,,,,,,,,,,,,3.676263485,4.334401201,4.816683025,6.336759982,4.971644843,5.070397254,5.145011066,5.386812855,5.476163577,5.815915353,5.343581471,5.31041213,4.919346884,6.050863945,5.167081043,4.971624032,5.776624508,5.39604304,
Guam,GUM,High-technology exports (% of manufactured exports),TX.VAL.TECH.MF.ZS,,,,,,,,,,,,,,,,,,,,,,,,,,,,,,,,,,,,,,,,,,,,,,,,,,,,,,,,,,,,,,,,,,
Guyana,GUY,High-technology exports (% of manufactured exports),TX.VAL.TECH.MF.ZS,,,,,,,,,,,,,,,,,,,,,,,,,,,,,,,,,,,,,,,,,,,,,,,,0.343429745,0.110975926,0.041325773,0.189114951,0.230409936,0.12352635,0.296978507,0.217317495,0.177560753,0.197005796,0.090739337,0.215510366,0.300824821,2.610881245,0.221685101,0.123954109,15.71389268,13.33410871,
High income,HIC,High-technology exports (% of manufactured exports),TX.VAL.TECH.MF.ZS,,,,,,,,,,,,,,,,,,,,,,,,,,,,,,,,,,,,,,,,,,,,,,,,19.4589206,18.86619629,20.26615986,20.19410246,18.3547334,18.21860732,18.16263698,18.3612227,19.33803885,19.64091212,19.93239583,19.69103824,19.98725757,20.89371789,21.10756224,23.25227055,23.42024093,25.89382944,
"Hong Kong SAR, China",HKG,High-technology exports (% of manufactured exports),TX.VAL.TECH.MF.ZS,,,,,,,,,,,,,,,,,,,,,,,,,,,,,,,,,,,,,,,,,,,,,,,,21.61805612,24.39027329,33.78789625,36.7951856,20.80910039,18.49542333,13.90101834,11.39056038,12.30291185,13.47086487,61.55486393,64.65444684,65.56672465,69.65132171,70.55065572,72.63677264,72.31548851,75.57069083,
Honduras,HND,High-technology exports (% of manufactured exports),TX.VAL.TECH.MF.ZS,,,,,,,,,,,,,,,,,,,,,,,,,,,,,,,,,,,,,,,,,,,,,,,,1.437440172,,2.312150718,2.631471127,1.727579703,2.79523111,,2.579784901,1.308471331,2.837171793,3.123585549,1.962644265,1.960869126,4.069907059,1.449549992,,3.308915561,3.873347596,
Heavily indebted poor countries (HIPC),HPC,High-technology exports (% of manufactured exports),TX.VAL.TECH.MF.ZS,,,,,,,,,,,,,,,,,,,,,,,,,,,,,,,,,,,,,,,,,,,,,,,,,,,,,7.437682887,5.531598999,5.872386251,4.557802033,4.399066963,4.082317769,4.675270675,4.266970035,3.268009787,2.964022856,2.956946805,2.960926595,,
Croatia,HRV,High-technology exports (% of manufactured exports),TX.VAL.TECH.MF.ZS,,,,,,,,,,,,,,,,,,,,,,,,,,,,,,,,,,,,,,,,,,,,,,,,9.500486648,9.519130075,11.30845738,10.18211213,8.691154913,11.81205616,12.49349709,10.43905219,10.70662401,14.40169945,8.73810136,8.837531015,8.289270835,9.680041033,9.606733514,12.06385404,11.03359088,11.67391993,
Haiti,HTI,High-technology exports (% of manufactured exports),TX.VAL.TECH.MF.ZS,,,,,,,,,,,,,,,,,,,,,,,,,,,,,,,,,,,,,,,,,,,,,,,,,,,,,,,,,,,,,,,,,,
Hungary,HUN,High-technology exports (% of manufactured exports),TX.VAL.TECH.MF.ZS,,,,,,,,,,,,,,,,,,,,,,,,,,,,,,,,,,,,,,,,,,,,,,,,26.09166214,24.96813713,26.72791907,25.92269786,25.17936188,21.2196345,19.36915231,16.69019751,17.08325845,17.57645302,17.26307328,16.82098586,17.37876006,17.46488072,16.39751264,18.40489173,18.86245696,22.57451188,
IBRD only,IBD,High-technology exports (% of manufactured exports),TX.VAL.TECH.MF.ZS,,,,,,,,,,,,,,,,,,,,,,,,,,,,,,,,,,,,,,,,,,,,,,,,,17.0153043,20.32967889,20.1007872,18.08794879,19.25620883,19.92619831,19.8470555,20.98744272,20.77394112,21.35732835,21.56802191,21.61506217,22.92521803,21.43255106,21.73830324,21.52408414,21.52287568,
IDA & IBRD total,IBT,High-technology exports (% of manufactured exports),TX.VAL.TECH.MF.ZS,,,,,,,,,,,,,,,,,,,,,,,,,,,,,,,,,,,,,,,,,,,,,,,,,16.59240007,19.7350434,19.53820583,17.70344059,18.83290796,19.42930115,19.41914339,20.31625953,20.08134974,20.60133927,20.87763611,20.96076586,22.28349932,20.7974411,21.05172755,20.84448637,20.98475683,
IDA total,IDA,High-technology exports (% of manufactured exports),TX.VAL.TECH.MF.ZS,,,,,,,,,,,,,,,,,,,,,,,,,,,,,,,,,,,,,,,,,,,,,,,,,,,2.591066538,,4.533497542,3.536438956,,3.670045496,3.982098842,2.849215953,3.181982638,3.347764946,2.765815737,2.516025463,2.814916646,3.59334582,,
IDA blend,IDB,High-technology exports (% of manufactured exports),TX.VAL.TECH.MF.ZS,,,,,,,,,,,,,,,,,,,,,,,,,,,,,,,,,,,,,,,,,,,,,,,,,,,,,,2.819674489,3.929329436,3.283679664,4.393868819,3.175200766,2.998263466,4.17682778,2.895108071,2.195831965,2.226939158,2.656693495,2.937037732,
Indonesia,IDN,High-technology exports (% of manufactured exports),TX.VAL.TECH.MF.ZS,,,,,,,,,,,,,,,,,,,,,,,,,,,,,,,,,,,,,,,,,,,,,,,,,,,12.31181455,10.81714077,10.87175716,9.676062629,9.32850762,8.889878244,7.998609749,8.446327026,8.212992008,8.092060947,8.424746986,7.201279701,8.308193067,9.083086878,8.711043758,
IDA only,IDX,High-technology exports (% of manufactured exports),TX.VAL.TECH.MF.ZS,,,,,,,,,,,,,,,,,,,,,,,,,,,,,,,,,,,,,,,,,,,,,,,,,,,2.092710451,,4.733685342,3.89035566,,3.826626511,3.835043484,2.695679263,3.276803262,2.87392715,,2.686717265,3.162418444,4.105744926,,
Isle of Man,IMN,High-technology exports (% of manufactured exports),TX.VAL.TECH.MF.ZS,,,,,,,,,,,,,,,,,,,,,,,,,,,,,,,,,,,,,,,,,,,,,,,,,,,,,,,,,,,,,,,,,,
India,IND,High-technology exports (% of manufactured exports),TX.VAL.TECH.MF.ZS,,,,,,,,,,,,,,,,,,,,,,,,,,,,,,,,,,,,,,,,,,,,,,,,,,9.569096143,7.730160328,7.871172625,7.704394279,8.87350365,9.221221748,8.024769172,7.663257044,7.362081141,9.041451688,10.22373969,11.03256385,10.21255966,12.68227948,14.9343473,18.57239464,
Not classified,INX,High-technology exports (% of manufactured exports),TX.VAL.TECH.MF.ZS,,,,,,,,,,,,,,,,,,,,,,,,,,,,,,,,,,,,,,,,,,,,,,,,,,,,,,,,,,,,,,,,,,
Ireland,IRL,High-technology exports (% of manufactured exports),TX.VAL.TECH.MF.ZS,,,,,,,,,,,,,,,,,,,,,,,,,,,,,,,,,,,,,,,,,,,,,,,,32.00171861,30.19008208,27.1646398,22.91458419,24.90677209,25.58635869,24.98393282,24.91892315,28.33894943,32.84181715,29.33402625,25.01527823,25.97697919,25.89915447,28.47814753,46.78678015,47.77377328,53.51843284,
"Iran, Islamic Rep.",IRN,High-technology exports (% of manufactured exports),TX.VAL.TECH.MF.ZS,,,,,,,,,,,,,,,,,,,,,,,,,,,,,,,,,,,,,,,,,,,,,,,,,,,,4.168200709,,1.547720697,1.545364991,1.432633919,1.398782944,1.363255639,0.724690819,0.926086511,0.746714845,0.380525398,0.814007923,,,
Iraq,IRQ,High-technology exports (% of manufactured exports),TX.VAL.TECH.MF.ZS,,,,,,,,,,,,,,,,,,,,,,,,,,,,,,,,,,,,,,,,,,,,,,,,,,,,,,,,,,,,,,,,,,
Iceland,ISL,High-technology exports (% of manufactured exports),TX.VAL.TECH.MF.ZS,,,,,,,,,,,,,,,,,,,,,,,,,,,,,,,,,,,,,,,,,,,,,,,,60.7119855,40.88716205,31.53811715,21.15662661,21.0528521,15.3938779,15.73555587,17.12339398,20.13965785,23.38943226,26.37598401,23.47403184,38.07920335,27.95893607,33.48741487,33.31162925,43.42454228,53.97229307,
Israel,ISR,High-technology exports (% of manufactured exports),TX.VAL.TECH.MF.ZS,,,,,,,,,,,,,,,,,,,,,,,,,,,,,,,,,,,,,,,,,,,,,,,,7.627167442,17.05605387,23.39651452,19.37536116,18.39857225,19.89396004,19.03625824,19.41305284,23.65397754,21.81961727,21.06797885,22.53628401,23.0916656,28.19764307,29.59567587,29.10905404,34.93777358,37.23351738,
Italy,ITA,High-technology exports (% of manufactured exports),TX.VAL.TECH.MF.ZS,,,,,,,,,,,,,,,,,,,,,,,,,,,,,,,,,,,,,,,,,,,,,,,,6.732963001,6.67785707,7.800287494,8.016201761,7.971528257,7.595011402,7.772071453,7.736913817,8.15204658,8.29074617,7.80526865,7.476558858,7.758024596,8.587243013,7.770245655,9.159162313,9.983696894,12.28270885,
Jamaica,JAM,High-technology exports (% of manufactured exports),TX.VAL.TECH.MF.ZS,,,,,,,,,,,,,,,,,,,,,,,,,,,,,,,,,,,,,,,,,,,,,,,,,2.951905671,1.923381869,2.970409874,7.331940257,2.079427289,3.566952376,4.572056343,1.036084939,4.127705692,5.739326105,7.978524617,4.172414279,2.350641384,2.471950012,1.470984755,2.646989791,,
Jordan,JOR,High-technology exports (% of manufactured exports),TX.VAL.TECH.MF.ZS,,,,,,,,,,,,,,,,,,,,,,,,,,,,,,,,,,,,,,,,,,,,,,,,1.13353507,0.917231129,1.413917469,2.862053244,2.550583866,2.367792928,1.68597467,1.80671197,2.577043113,3.37782668,1.812819426,1.508584807,1.36854381,1.543878589,1.713679703,1.449688267,2.084159854,,
Japan,JPN,High-technology exports (% of manufactured exports),TX.VAL.TECH.MF.ZS,,,,,,,,,,,,,,,,,,,,,,,,,,,,,,,,,,,,,,,,,,,,,,,,20.06530518,18.82485422,20.44597313,19.12268728,18.39225376,18.23824796,17.75875891,17.78053472,18.04548893,17.62042385,17.59427747,17.29705281,17.03038445,18.63334879,18.00399135,18.25926154,17.10280607,17.55474152,
Kazakhstan,KAZ,High-technology exports (% of manufactured exports),TX.VAL.TECH.MF.ZS,,,,,,,,,,,,,,,,,,,,,,,,,,,,,,,,,,,,,,,,,,,,,,,,,,31.68098433,35.35820432,25.68139119,31.00768714,38.53520756,39.26344125,43.42962218,32.09853456,24.21041714,23.57070681,29.28972101,34.09896961,27.34354406,32.26664971,34.42933732,42.1953003,
Kenya,KEN,High-technology exports (% of manufactured exports),TX.VAL.TECH.MF.ZS,,,,,,,,,,,,,,,,,,,,,,,,,,,,,,,,,,,,,,,,,,,,,,,,,4.694389039,6.062673467,6.717618969,,,4.069101189,,4.366095189,7.586234356,3.348590418,3.612962751,4.593277692,5.111782611,3.127360614,2.26073811,3.041694167,3.150030136,
Kyrgyz Republic,KGZ,High-technology exports (% of manufactured exports),TX.VAL.TECH.MF.ZS,,,,,,,,,,,,,,,,,,,,,,,,,,,,,,,,,,,,,,,,,,,,,,,,,3.118500751,5.030346661,1.230755438,3.953168628,4.782588916,5.433465788,2.048257618,12.24602062,19.63131835,17.61234039,8.051890458,6.738478476,8.746550928,16.29872607,10.55405201,16.33353729,10.67111174,
Cambodia,KHM,High-technology exports (% of manufactured exports),TX.VAL.TECH.MF.ZS,,,,,,,,,,,,,,,,,,,,,,,,,,,,,,,,,,,,,,,,,,,,,,,,0.046797643,0.091650036,0.208915176,0.153409396,0.114782587,0.259104012,1.212855152,0.505628376,1.535160355,1.85868091,1.742386857,1.409278881,1.194021559,2.283074842,2.980632794,6.562225982,12.98534311,5.262141406,
Kiribati,KIR,High-technology exports (% of manufactured exports),TX.VAL.TECH.MF.ZS,,,,,,,,,,,,,,,,,,,,,,,,,,,,,,,,,,,,,,,,,,,,,,,,,,,,,,,2.759342202,1.38260122,2.759507424,3.421474035,21.55036425,,7.672132589,2.296931141,,,,
St. Kitts and Nevis,KNA,High-technology exports (% of manufactured exports),TX.VAL.TECH.MF.ZS,,,,,,,,,,,,,,,,,,,,,,,,,,,,,,,,,,,,,,,,,,,,,,,,,,0.025390672,1.301051927,0.116633026,35.76767615,35.12059546,27.63543911,23.28034099,25.76347647,34.6026369,,,,,,,,
"Korea, Rep.",KOR,High-technology exports (% of manufactured exports),TX.VAL.TECH.MF.ZS,,,,,,,,,,,,,,,,,,,,,,,,,,,,,,,,,,,,,,,,,,,,,,,,32.42825842,30.45013931,32.14843654,32.13439748,28.21332104,28.22207576,29.81819991,30.06086827,31.21192709,30.52502667,32.54631646,36.39122336,32.40506217,35.60222654,36.01450367,36.11827893,30.27627999,36.25825594,
Kuwait,KWT,High-technology exports (% of manufactured exports),TX.VAL.TECH.MF.ZS,,,,,,,,,,,,,,,,,,,,,,,,,,,,,,,,,,,,,,,,,,,,,,,,,,,3.109997011,2.772286339,,1.660066826,0.133875563,0.127480427,0.147979853,0.203527625,4.118487402,0.902769587,1.349850908,1.191779837,0.716354808,1.784996568,5.827776489,
Latin America & Caribbean (excluding high income),LAC,High-technology exports (% of manufactured exports),TX.VAL.TECH.MF.ZS,,,,,,,,,,,,,,,,,,,,,,,,,,,,,,,,,,,,,,,,,,,,,,,,,14.00868321,15.26146551,14.65666534,13.31787969,13.5914968,13.85099699,13.90627432,14.79867243,15.97212234,15.53703659,15.02658794,14.73920827,14.87404798,12.91799722,13.45608295,12.69672903,13.64003727,
Lao PDR,LAO,High-technology exports (% of manufactured exports),TX.VAL.TECH.MF.ZS,,,,,,,,,,,,,,,,,,,,,,,,,,,,,,,,,,,,,,,,,,,,,,,,,,,6.325823547,8.161972814,8.77232289,9.813602078,24.99434242,35.18016555,33.57410017,37.95044844,38.01673905,20.60946373,23.15544737,7.286446377,9.517677833,7.419637296,,
Lebanon,LBN,High-technology exports (% of manufactured exports),TX.VAL.TECH.MF.ZS,,,,,,,,,,,,,,,,,,,,,,,,,,,,,,,,,,,,,,,,,,,,,,,,3.047933191,3.389122314,8.236519182,24.11672345,2.950564917,2.291148064,2.676250759,2.521318968,2.188724535,2.822545094,3.291373821,2.358318108,3.891273528,5.136512592,2.154253145,15.13321994,4.302360784,2.895912769,
Liberia,LBR,High-technology exports (% of manufactured exports),TX.VAL.TECH.MF.ZS,,,,,,,,,,,,,,,,,,,,,,,,,,,,,,,,,,,,,,,,,,,,,,,,,,,,,,,,,,56.85808745,16.84360312,5.503583859,0.015039075,7.934965405,10.26799784,0.643718596,,
Libya,LBY,High-technology exports (% of manufactured exports),TX.VAL.TECH.MF.ZS,,,,,,,,,,,,,,,,,,,,,,,,,,,,,,,,,,,,,,,,,,,,,,,,,,,,,,,,,,,,0.604680775,,,,,,
St. Lucia,LCA,High-technology exports (% of manufactured exports),TX.VAL.TECH.MF.ZS,,,,,,,,,,,,,,,,,,,,,,,,,,,,,,,,,,,,,,,,,,,,,,,,,,,,,8.167351706,8.518445421,6.26898307,4.55869551,6.42816003,4.569022833,14.34959875,10.52770137,9.332240175,,,,,
Latin America & Caribbean,LCN,High-technology exports (% of manufactured exports),TX.VAL.TECH.MF.ZS,,,,,,,,,,,,,,,,,,,,,,,,,,,,,,,,,,,,,,,,,,,,,,,,,13.35141225,14.3646243,13.78921408,12.55462046,12.84621164,13.21293125,13.24017717,13.80224138,14.97595922,14.49475336,14.01369081,13.83676016,14.75872034,12.57681107,12.74762037,12.44800238,13.11708682,
Least developed countries: UN classification,LDC,High-technology exports (% of manufactured exports),TX.VAL.TECH.MF.ZS,,,,,,,,,,,,,,,,,,,,,,,,,,,,,,,,,,,,,,,,,,,,,,,,,,,,,,,,5.421239912,5.102753557,4.766362456,6.317057899,8.828506841,5.819853535,5.464647757,7.615261339,8.042256734,,
Low income,LIC,High-technology exports (% of manufactured exports),TX.VAL.TECH.MF.ZS,,,,,,,,,,,,,,,,,,,,,,,,,,,,,,,,,,,,,,,,,,,,,,,,,,,,,,,,4.752488643,2.582040978,3.36193856,2.772202552,5.688077271,2.03311791,3.270230551,3.104927323,2.119787896,,
Liechtenstein,LIE,High-technology exports (% of manufactured exports),TX.VAL.TECH.MF.ZS,,,,,,,,,,,,,,,,,,,,,,,,,,,,,,,,,,,,,,,,,,,,,,,,,,,,,,,,,,,,,,,,,,
Sri Lanka,LKA,High-technology exports (% of manufactured exports),TX.VAL.TECH.MF.ZS,,,,,,,,,,,,,,,,,,,,,,,,,,,,,,,,,,,,,,,,,,,,,,,,,1.87768448,0.97931974,1.130072396,1.035499503,0.950920294,1.039212636,0.954466728,0.891656259,0.94390432,1.019937052,,1.102104182,1.256392806,1.045191296,1.086374577,1.417238453,1.537939715,
Lower middle income,LMC,High-technology exports (% of manufactured exports),TX.VAL.TECH.MF.ZS,,,,,,,,,,,,,,,,,,,,,,,,,,,,,,,,,,,,,,,,,,,,,,,,,,7.367611584,7.15501617,7.937874294,9.317846763,10.85341163,11.7812993,11.64955452,12.37429573,16.92892986,18.04624431,19.21732301,20.93784746,19.00147821,20.43821213,21.55628239,,
Low & middle income,LMY,High-technology exports (% of manufactured exports),TX.VAL.TECH.MF.ZS,,,,,,,,,,,,,,,,,,,,,,,,,,,,,,,,,,,,,,,,,,,,,,,,,19.41121763,22.01531974,21.62032875,19.59803336,20.84298819,21.26684297,21.02850367,21.57567591,21.31799114,22.19488415,22.68525226,22.66449329,24.21661049,22.60436489,22.06986531,21.82597881,21.93922825,
Lesotho,LSO,High-technology exports (% of manufactured exports),TX.VAL.TECH.MF.ZS,,,,,,,,,,,,,,,,,,,,,,,,,,,,,,,,,,,,,,,,,,,,,,,,,,,,,,,,0.263459013,0.582000547,0.176184816,0.057792417,0.173766076,0.033945085,0.069726783,0.092572627,0.074260741,0.08958325,
Late-demographic dividend,LTE,High-technology exports (% of manufactured exports),TX.VAL.TECH.MF.ZS,,,,,,,,,,,,,,,,,,,,,,,,,,,,,,,,,,,,,,,,,,,,,,,,21.51614187,18.99364184,23.97710453,23.85835903,21.65013819,21.40572104,21.97480523,22.18626974,23.6655654,23.79949325,23.64082483,23.40119402,23.35675469,24.69554794,23.98592453,25.63401008,25.61896019,28.1050615,
Lithuania,LTU,High-technology exports (% of manufactured exports),TX.VAL.TECH.MF.ZS,,,,,,,,,,,,,,,,,,,,,,,,,,,,,,,,,,,,,,,,,,,,,,,,11.60135893,11.79909047,10.54290579,11.24699415,10.60702468,11.0422225,11.02431282,11.13917449,12.78023288,12.64000139,12.5193568,12.10270832,12.03040394,12.00956609,11.50895693,12.99639413,14.402896,17.32455066,
Luxembourg,LUX,High-technology exports (% of manufactured exports),TX.VAL.TECH.MF.ZS,,,,,,,,,,,,,,,,,,,,,,,,,,,,,,,,,,,,,,,,,,,,,,,,10.71000847,8.011293321,10.3204694,8.778662377,9.050599862,8.684869236,6.843852368,5.97251741,7.106357004,7.967086404,6.968841029,6.973241237,6.573569943,5.61923855,6.075202068,5.990460389,5.979250211,5.073612032,
Latvia,LVA,High-technology exports (% of manufactured exports),TX.VAL.TECH.MF.ZS,,,,,,,,,,,,,,,,,,,,,,,,,,,,,,,,,,,,,,,,,,,,,,,,7.427809127,7.394213081,8.661521156,8.456784496,9.470834531,11.40641115,15.41780711,17.7278752,18.9245452,17.24052952,16.08177546,16.59205804,17.14950556,20.0336001,16.98037136,17.55058937,18.55438935,17.49019148,
"Macao SAR, China",MAC,High-technology exports (% of manufactured exports),TX.VAL.TECH.MF.ZS,,,,,,,,,,,,,,,,,,,,,,,,,,,,,,,,,,,,,,,,,,,,,,,,0,0,0,0,0,0,0,0.096658026,0,,16.19144757,0,0,0,0,0,0,0,
St. Martin (French part),MAF,High-technology exports (% of manufactured exports),TX.VAL.TECH.MF.ZS,,,,,,,,,,,,,,,,,,,,,,,,,,,,,,,,,,,,,,,,,,,,,,,,,,,,,,,,,,,,,,,,,,
Morocco,MAR,High-technology exports (% of manufactured exports),TX.VAL.TECH.MF.ZS,,,,,,,,,,,,,,,,,,,,,,,,,,,,,,,,,,,,,,,,,,,,,,,,,,,,,,,,3.703917088,3.744987469,3.863137613,4.018602192,4.853753882,4.389071145,4.30127636,4.498382084,5.430705673,,
Monaco,MCO,High-technology exports (% of manufactured exports),TX.VAL.TECH.MF.ZS,,,,,,,,,,,,,,,,,,,,,,,,,,,,,,,,,,,,,,,,,,,,,,,,,,,,,,,,,,,,,,,,,,
Moldova,MDA,High-technology exports (% of manufactured exports),TX.VAL.TECH.MF.ZS,,,,,,,,,,,,,,,,,,,,,,,,,,,,,,,,,,,,,,,,,,,,,,,,,,5.84253193,9.704815699,7.418534795,5.132547013,2.76672881,5.339084,4.609752699,3.483887491,5.393474718,2.51881364,2.961304894,2.239086429,2.236947407,2.140180394,2.617084405,2.925147216,
Madagascar,MDG,High-technology exports (% of manufactured exports),TX.VAL.TECH.MF.ZS,,,,,,,,,,,,,,,,,,,,,,,,,,,,,,,,,,,,,,,,,,,,,,,,1.469625867,7.027995082,1.770945239,3.325867482,9.089408576,1.49588449,7.579966474,1.540066442,2.005610366,1.549809294,1.289485858,1.044332984,0.963097897,0.539322061,0.405991436,0.348624985,0.478060054,0.958835172,
Maldives,MDV,High-technology exports (% of manufactured exports),TX.VAL.TECH.MF.ZS,,,,,,,,,,,,,,,,,,,,,,,,,,,,,,,,,,,,,,,,,,,,,,,,,,,,,,,,,0.025307379,0.14397589,,,1.732931278,2.011251894,4.096414731,0.189505057,0.002270568,
"Middle East, North Africa, Afghanistan & Pakistan",MEA,High-technology exports (% of manufactured exports),TX.VAL.TECH.MF.ZS,,,,,,,,,,,,,,,,,,,,,,,,,,,,,,,,,,,,,,,,,,,,,,,,,,,,3.352904965,3.457134038,3.164608133,4.918459467,4.667740907,3.779064199,3.701646012,4.042906975,4.182922703,7.214380969,7.150295747,6.802122302,8.587578001,,
Mexico,MEX,High-technology exports (% of manufactured exports),TX.VAL.TECH.MF.ZS,,,,,,,,,,,,,,,,,,,,,,,,,,,,,,,,,,,,,,,,,,,,,,,,,20.61695833,22.68593427,22.13579317,21.14812069,21.35332369,20.51094476,20.22209978,19.57270211,20.65411164,21.16809678,20.89174564,20.40685841,21.50742497,19.81134064,20.53436923,17.99387858,19.30375966,
Marshall Islands,MHL,High-technology exports (% of manufactured exports),TX.VAL.TECH.MF.ZS,,,,,,,,,,,,,,,,,,,,,,,,,,,,,,,,,,,,,,,,,,,,,,,,,,,,,,,,,,,,,,,,,,
Middle income,MIC,High-technology exports (% of manufactured exports),TX.VAL.TECH.MF.ZS,,,,,,,,,,,,,,,,,,,,,,,,,,,,,,,,,,,,,,,,,,,,,,,,,19.56930587,22.21658408,21.81085504,19.66138842,20.92233378,21.34339518,21.12414584,21.69498692,21.4502978,22.33020152,22.84010062,22.78366508,24.3800217,22.74687532,22.22418188,21.98365769,22.01933429,
North Macedonia,MKD,High-technology exports (% of manufactured exports),TX.VAL.TECH.MF.ZS,,,,,,,,,,,,,,,,,,,,,,,,,,,,,,,,,,,,,,,,,,,,,,,,0.8981686,1.351468613,2.915101526,3.556667794,4.110124148,4.07043066,3.782459095,3.296011395,3.369132993,2.83705523,3.981634737,4.049076785,4.217455675,4.18105543,4.033195944,4.014984906,5.229710636,6.359911972,
Mali,MLI,High-technology exports (% of manufactured exports),TX.VAL.TECH.MF.ZS,,,,,,,,,,,,,,,,,,,,,,,,,,,,,,,,,,,,,,,,,,,,,,,,,3.209588926,,4.483153207,4.391430259,2.256469319,,,,6.499346884,1.242702763,5.534528484,5.479696588,2.20544616,13.88539776,10.25786683,5.360654761,,
Malta,MLT,High-technology exports (% of manufactured exports),TX.VAL.TECH.MF.ZS,,,,,,,,,,,,,,,,,,,,,,,,,,,,,,,,,,,,,,,,,,,,,,,,53.01928925,50.44226588,48.0270778,47.17116519,47.41286748,45.9493964,38.71059942,34.70841798,30.79472118,21.93325497,30.37705548,33.07080864,29.62182046,35.33777513,30.7355591,38.96158519,43.26927932,45.17916709,
Myanmar,MMR,High-technology exports (% of manufactured exports),TX.VAL.TECH.MF.ZS,,,,,,,,,,,,,,,,,,,,,,,,,,,,,,,,,,,,,,,,,,,,,,,,,,,0.002681273,0.201949574,1.013572002,0.268343903,0.62703149,0.469787769,7.533836766,6.028704113,4.516381762,2.750519991,3.172524938,5.069368434,2.614578396,2.946314142,5.199919998,
"Middle East, North Africa, Afghanistan & Pakistan (excluding high income)",MNA,High-technology exports (% of manufactured exports),TX.VAL.TECH.MF.ZS,,,,,,,,,,,,,,,,,,,,,,,,,,,,,,,,,,,,,,,,,,,,,,,,,,,,2.836055538,,,1.637423233,2.005008029,2.084998614,2.053338806,,2.458495142,2.753445408,,,,,
Montenegro,MNE,High-technology exports (% of manufactured exports),TX.VAL.TECH.MF.ZS,,,,,,,,,,,,,,,,,,,,,,,,,,,,,,,,,,,,,,,,,,,,,,,,,9.029991066,23.56673439,10.34142863,8.253606497,10.78467837,7.904502907,14.6195849,12.76544051,5.564625817,4.238029616,3.153848134,6.889964775,7.607950937,9.444483875,8.21019507,7.995201603,14.46226628,
Mongolia,MNG,High-technology exports (% of manufactured exports),TX.VAL.TECH.MF.ZS,,,,,,,,,,,,,,,,,,,,,,,,,,,,,,,,,,,,,,,,,,,,,,,,7.705947923,,,,,,16.2910692,19.61596986,4.164654396,16.48462041,3.467943748,4.993821304,18.94402121,2.966199298,22.02069999,30.81416909,22.53655457,,
Northern Mariana Islands,MNP,High-technology exports (% of manufactured exports),TX.VAL.TECH.MF.ZS,,,,,,,,,,,,,,,,,,,,,,,,,,,,,,,,,,,,,,,,,,,,,,,,,,,,,,,,,,,,,,,,,,
Mozambique,MOZ,High-technology exports (% of manufactured exports),TX.VAL.TECH.MF.ZS,,,,,,,,,,,,,,,,,,,,,,,,,,,,,,,,,,,,,,,,,,,,,,,,,,,,,24.74088809,13.62546991,5.716550763,11.66938672,1.620858043,10.71051594,4.293210465,1.082702357,0.844313381,1.599039628,3.179624181,2.742445578,3.630264842,
Mauritania,MRT,High-technology exports (% of manufactured exports),TX.VAL.TECH.MF.ZS,,,,,,,,,,,,,,,,,,,,,,,,,,,,,,,,,,,,,,,,,,,,,,,,,,,,,,,,,0.002046525,,,0.013144801,2.048448605,5.076981808,3.979493382,2.350646234,9.448340812,
Mauritius,MUS,High-technology exports (% of manufactured exports),TX.VAL.TECH.MF.ZS,,,,,,,,,,,,,,,,,,,,,,,,,,,,,,,,,,,,,,,,,,,,,,,,,7.475826289,2.007739393,0.693280226,0.800067417,0.929231405,0.575721802,0.029875207,0.114086428,0.108502819,2.385411188,2.597959071,2.143794724,2.305358037,0.386204361,2.067079625,1.014538901,1.217035386,
Malawi,MWI,High-technology exports (% of manufactured exports),TX.VAL.TECH.MF.ZS,,,,,,,,,,,,,,,,,,,,,,,,,,,,,,,,,,,,,,,,,,,,,,,,,2.405032173,3.703561212,1.977050199,15.66071478,2.127689094,11.45801804,4.131666081,1.28716235,2.371560838,2.012431544,2.14917014,6.844391536,2.798141543,6.073562309,2.307695393,5.310565941,1.645527944,
Malaysia,MYS,High-technology exports (% of manufactured exports),TX.VAL.TECH.MF.ZS,,,,,,,,,,,,,,,,,,,,,,,,,,,,,,,,,,,,,,,,,,,,,,,,,,51.22450576,49.60909589,47.40890393,47.57496742,48.47074424,49.21925473,48.48538065,49.05866962,51.12407111,53.18128723,51.59277744,53.81287366,51.67868364,58.2818244,59.41550744,58.62767485,
North America,NAC,High-technology exports (% of manufactured exports),TX.VAL.TECH.MF.ZS,,,,,,,,,,,,,,,,,,,,,,,,,,,,,,,,,,,,,,,,,,,,,,,,26.38090765,25.43537972,23.0744041,21.17753373,19.40485441,19.25440537,19.25758866,19.36506728,20.22288647,20.98012501,18.39253913,17.93159145,18.38866188,18.9716163,19.18401676,19.49818587,20.78889107,22.91184144,
Namibia,NAM,High-technology exports (% of manufactured exports),TX.VAL.TECH.MF.ZS,,,,,,,,,,,,,,,,,,,,,,,,,,,,,,,,,,,,,,,,,,,,,,,,5.494841053,1.171055004,1.644134388,1.974194072,1.829575705,5.369950087,2.795757204,3.651806415,0.439319534,2.225421427,0.181864832,0.219642434,0.015870922,0.023276606,0.066627518,0.056365656,0.080971395,0.117288081,
New Caledonia,NCL,High-technology exports (% of manufactured exports),TX.VAL.TECH.MF.ZS,,,,,,,,,,,,,,,,,,,,,,,,,,,,,,,,,,,,,,,,,,,,,,,,,0.660732332,8.558379564,0.895989489,15.44593347,10.75819151,14.03023294,13.15387709,5.2672959,,,,,,,,,,
Niger,NER,High-technology exports (% of manufactured exports),TX.VAL.TECH.MF.ZS,,,,,,,,,,,,,,,,,,,,,,,,,,,,,,,,,,,,,,,,,,,,,,,,,,17.39248383,8.046533368,5.821426539,13.17854723,57.68815812,60.29981752,15.86162384,6.845976151,18.32427225,8.562054187,5.649700705,12.24092675,32.36995875,13.87081478,8.966750243,8.617663092,
Nigeria,NGA,High-technology exports (% of manufactured exports),TX.VAL.TECH.MF.ZS,,,,,,,,,,,,,,,,,,,,,,,,,,,,,,,,,,,,,,,,,,,,,,,,,,2.640149097,1.090051581,1.266260221,1.891615366,2.991691419,2.107968968,11.90587563,2.35102616,2.330351819,1.928778265,1.482401174,6.944123096,6.487965049,2.384883029,3.530423703,2.711671864,
Nicaragua,NIC,High-technology exports (% of manufactured exports),TX.VAL.TECH.MF.ZS,,,,,,,,,,,,,,,,,,,,,,,,,,,,,,,,,,,,,,,,,,,,,,,,4.739674264,0.947241604,5.902934515,5.374718601,6.71165299,0.245001979,0.36768207,0.468464498,0.583114234,0.798662569,0.599501195,0.676886132,1.062570463,0.537956805,1.217988202,1.255393213,0.804653157,0.596452227,
Netherlands,NLD,High-technology exports (% of manufactured exports),TX.VAL.TECH.MF.ZS,,,,,,,,,,,,,,,,,,,,,,,,,,,,,,,,,,,,,,,,,,,,,,,,29.063729,26.04451353,28.04393831,27.86499643,25.2390821,25.48329427,24.66590511,24.55596876,24.07401292,24.00874049,22.92190252,22.51320612,23.04823469,23.16397609,22.00232119,21.95783801,24.51064653,23.46800528,
Norway,NOR,High-technology exports (% of manufactured exports),TX.VAL.TECH.MF.ZS,,,,,,,,,,,,,,,,,,,,,,,,,,,,,,,,,,,,,,,,,,,,,,,,17.9336633,18.64831261,19.91978697,20.3684827,21.54409891,21.12405326,21.02050012,22.31545056,22.2637499,20.95633953,21.59709845,21.11782004,22.49201456,22.06888429,20.58637159,23.88494605,25.67461438,25.41393594,
Nepal,NPL,High-technology exports (% of manufactured exports),TX.VAL.TECH.MF.ZS,,,,,,,,,,,,,,,,,,,,,,,,,,,,,,,,,,,,,,,,,,,,,,,,,,0.428628769,0.686184565,0.415308033,0.136727858,0.322301826,0.719873716,0.635275667,0.822614407,1.184259948,0.630576368,1.074529846,2.448800144,1.247831571,0.617520704,,,
Nauru,NRU,High-technology exports (% of manufactured exports),TX.VAL.TECH.MF.ZS,,,,,,,,,,,,,,,,,,,,,,,,,,,,,,,,,,,,,,,,,,,,,,,,,,,,,,,,,,,,,,,,,,
New Zealand,NZL,High-technology exports (% of manufactured exports),TX.VAL.TECH.MF.ZS,,,,,,,,,,,,,,,,,,,,,,,,,,,,,,,,,,,,,,,,,,,,,,,,10.10315168,9.332096468,9.912319268,9.715339907,9.973780605,10.08321405,10.72643993,9.914291777,10.11254523,10.87770203,9.252291074,9.811754429,9.865946092,9.608749742,9.761107814,12.05434154,12.64948574,12.96707504,
OECD members,OED,High-technology exports (% of manufactured exports),TX.VAL.TECH.MF.ZS,,,,,,,,,,,,,,,,,,,,,,,,,,,,,,,,,,,,,,,,,,,,,,,,19.04747089,18.62458864,19.39224614,19.07957859,18.18924694,18.46191634,18.58680906,18.59942607,19.28539388,19.61552558,17.84228886,17.63116135,17.89950113,18.1987349,18.41380156,20.7829034,20.82121964,22.35063576,
Oman,OMN,High-technology exports (% of manufactured exports),TX.VAL.TECH.MF.ZS,,,,,,,,,,,,,,,,,,,,,,,,,,,,,,,,,,,,,,,,,,,,,,,,,,,,,3.393229665,3.443911974,4.361094233,3.243235658,1.521005563,1.116738698,1.258040481,1.502681689,8.495604879,6.610686847,7.619869533,5.005393461,,
Other small states,OSS,High-technology exports (% of manufactured exports),TX.VAL.TECH.MF.ZS,,,,,,,,,,,,,,,,,,,,,,,,,,,,,,,,,,,,,,,,,,,,,,,,33.10986523,26.39137221,24.09472891,25.51666424,24.18061473,19.08092578,17.51002376,17.01902791,17.99371095,15.54817408,18.54293355,18.25830008,19.34793188,18.49876271,17.16392507,18.43627275,20.21172678,23.63978935,
Pakistan,PAK,High-technology exports (% of manufactured exports),TX.VAL.TECH.MF.ZS,,,,,,,,,,,,,,,,,,,,,,,,,,,,,,,,,,,,,,,,,,,,,,,,,1.924735006,1.767088512,1.728058242,1.814605631,1.725260189,1.924888894,1.448112847,1.603833334,1.957391558,2.176368769,2.169752842,2.302696918,1.887812496,1.488488236,1.432256354,1.90280939,2.43815248,
Panama,PAN,High-technology exports (% of manufactured exports),TX.VAL.TECH.MF.ZS,,,,,,,,,,,,,,,,,,,,,,,,,,,,,,,,,,,,,,,,,,,,,,,,,1.234257564,1.373909466,0.826039249,1.44990604,0.419679183,0.046119502,0.195655792,0.000467296,1.156544007,0.29486416,0.125338794,0.295190561,0.743662486,0.260062227,0.233624548,1.00049164,1.767308216,
Peru,PER,High-technology exports (% of manufactured exports),TX.VAL.TECH.MF.ZS,,,,,,,,,,,,,,,,,,,,,,,,,,,,,,,,,,,,,,,,,,,,,,,,,2.950139137,3.709176176,8.620899037,6.542289853,4.694657691,5.000383148,4.252186326,5.243403853,4.799712599,5.122323286,4.680199921,4.075004388,4.794833903,4.46164505,4.589466164,5.015720128,5.213723776,
Philippines,PHL,High-technology exports (% of manufactured exports),TX.VAL.TECH.MF.ZS,,,,,,,,,,,,,,,,,,,,,,,,,,,,,,,,,,,,,,,,,,,,,,,,,,,,,,,,,,60.31763404,61.34599314,62.2466747,67.04509159,64.22540833,66.6110922,63.9779289,60.97530703,
Palau,PLW,High-technology exports (% of manufactured exports),TX.VAL.TECH.MF.ZS,,,,,,,,,,,,,,,,,,,,,,,,,,,,,,,,,,,,,,,,,,,,,,,,,,,,,,,20.99849776,41.21994309,60.45686096,26.82768045,51.68368693,,,,,,,
Papua New Guinea,PNG,High-technology exports (% of manufactured exports),TX.VAL.TECH.MF.ZS,,,,,,,,,,,,,,,,,,,,,,,,,,,,,,,,,,,,,,,,,,,,,,,,,,,,23.1034018,3.959047899,,,,,,,29.81565733,44.79840459,40.05406216,11.97180294,10.24807847,,
Poland,POL,High-technology exports (% of manufactured exports),TX.VAL.TECH.MF.ZS,,,,,,,,,,,,,,,,,,,,,,,,,,,,,,,,,,,,,,,,,,,,,,,,3.882961433,5.291327369,7.069151763,7.719089568,6.618920414,7.811513839,8.745017672,10.06862779,10.77552133,10.7154228,10.66731873,10.39503339,9.852934836,9.86616549,9.445565143,11.63258778,12.12231897,13.5099699,
Pre-demographic dividend,PRE,High-technology exports (% of manufactured exports),TX.VAL.TECH.MF.ZS,,,,,,,,,,,,,,,,,,,,,,,,,,,,,,,,,,,,,,,,,,,,,,,,,,,,,,,,,,,,,,,,,,
Puerto Rico (US),PRI,High-technology exports (% of manufactured exports),TX.VAL.TECH.MF.ZS,,,,,,,,,,,,,,,,,,,,,,,,,,,,,,,,,,,,,,,,,,,,,,,,,,,,,,,,,,,,,,,,,,
"Korea, Dem. People's Rep.",PRK,High-technology exports (% of manufactured exports),TX.VAL.TECH.MF.ZS,,,,,,,,,,,,,,,,,,,,,,,,,,,,,,,,,,,,,,,,,,,,,,,,,,,,,,,,,,,,,,,,,,
Portugal,PRT,High-technology exports (% of manufactured exports),TX.VAL.TECH.MF.ZS,,,,,,,,,,,,,,,,,,,,,,,,,,,,,,,,,,,,,,,,,,,,,,,,8.603049683,8.236406102,4.794558666,4.073106181,4.123989792,4.492998652,4.700277948,4.88070968,5.079952775,5.805400011,5.988125954,5.283532694,6.941814754,7.114711571,6.250331405,6.990491601,6.71084168,6.77343919,
Paraguay,PRY,High-technology exports (% of manufactured exports),TX.VAL.TECH.MF.ZS,,,,,,,,,,,,,,,,,,,,,,,,,,,,,,,,,,,,,,,,,,,,,,,,7.14174839,9.599998603,12.03393595,8.629776136,10.00737658,8.838163973,8.626709084,6.803182859,6.038421024,7.636267986,6.43135602,9.735859907,7.183011329,5.148321537,7.420545985,10.56199393,9.965655949,10.50040495,
West Bank and Gaza,PSE,High-technology exports (% of manufactured exports),TX.VAL.TECH.MF.ZS,,,,,,,,,,,,,,,,,,,,,,,,,,,,,,,,,,,,,,,,,,,,,,,,0.986182027,1.258936421,1.860464206,3.013371654,0.208594528,0.316657818,0.094799444,0.234222701,0.961927851,0.717403673,0.615204105,0.850022002,0.903315434,1.697473226,1.600885745,1.255024477,1.843449539,,
Pacific island small states,PSS,High-technology exports (% of manufactured exports),TX.VAL.TECH.MF.ZS,,,,,,,,,,,,,,,,,,,,,,,,,,,,,,,,,,,,,,,,,,,,,,,,,,,,,,,,,,,,,,,,,,
Post-demographic dividend,PST,High-technology exports (% of manufactured exports),TX.VAL.TECH.MF.ZS,,,,,,,,,,,,,,,,,,,,,,,,,,,,,,,,,,,,,,,,,,,,,,,,20.57817456,20.35755432,21.39689076,21.54912595,19.74855792,19.96429453,19.95415597,19.81606508,20.46671778,20.69689675,21.29995446,21.28688013,21.49640331,22.21573077,22.54088127,24.23337677,24.01959619,25.65289876,
French Polynesia,PYF,High-technology exports (% of manufactured exports),TX.VAL.TECH.MF.ZS,,,,,,,,,,,,,,,,,,,,,,,,,,,,,,,,,,,,,,,,,,,,,,,,,,9.262561489,4.95749979,17.72483053,2.598981611,7.913055663,15.55733417,11.82096334,22.20840332,13.29134764,10.70526023,30.81895874,10.29261076,23.2822468,9.982096392,0.908614115,1.925220868,
Qatar,QAT,High-technology exports (% of manufactured exports),TX.VAL.TECH.MF.ZS,,,,,,,,,,,,,,,,,,,,,,,,,,,,,,,,,,,,,,,,,,,,,,,,,,0.027080653,,0.005507629,0.602919143,0.545850322,0.049124709,1.104773391,0.001132908,0.005506202,1.801937191,0.002503856,7.111804652,1.719404264,2.859699413,2.780036303,2.806553343,
Romania,ROU,High-technology exports (% of manufactured exports),TX.VAL.TECH.MF.ZS,,,,,,,,,,,,,,,,,,,,,,,,,,,,,,,,,,,,,,,,,,,,,,,,4.419769987,6.924968993,10.41289969,12.52841537,11.63583984,8.179879512,7.398183231,8.410476726,9.414147802,10.39245139,9.779597385,10.07719159,11.07256931,11.93704249,11.48794083,11.85733756,12.67474083,13.44975115,
Russian Federation,RUS,High-technology exports (% of manufactured exports),TX.VAL.TECH.MF.ZS,,,,,,,,,,,,,,,,,,,,,,,,,,,,,,,,,,,,,,,,,,,,,,,,7.190030406,6.978488302,9.683721004,9.423242376,8.421781066,9.081489796,10.6336136,12.1254086,15.99206653,15.79011905,12.32469919,11.35528226,12.90531554,9.193638978,9.729847727,,,,
Rwanda,RWA,High-technology exports (% of manufactured exports),TX.VAL.TECH.MF.ZS,,,,,,,,,,,,,,,,,,,,,,,,,,,,,,,,,,,,,,,,,,,,,,,,,,31.26683238,7.123624975,13.72548547,5.085108688,4.997346631,11.8559917,15.32509175,13.53128412,2.661184238,2.587323817,10.76038327,7.559386439,5.102408027,4.784729796,,,
South Asia,SAS,High-technology exports (% of manufactured exports),TX.VAL.TECH.MF.ZS,,,,,,,,,,,,,,,,,,,,,,,,,,,,,,,,,,,,,,,,,,,,,,,,,,8.716325242,7.339363904,7.418683216,7.255711996,8.339488469,9.179652082,7.173322936,6.797103491,6.604467435,8.398220412,9.842985123,10.70178647,9.944753959,12.34354836,14.53711804,18.05890393,
Saudi Arabia,SAU,High-technology exports (% of manufactured exports),TX.VAL.TECH.MF.ZS,,,,,,,,,,,,,,,,,,,,,,,,,,,,,,,,,,,,,,,,,,,,,,,,0.668487926,0.778048775,1.098955568,0.750807775,0.590662977,0.661180453,0.712767947,0.590932385,0.787374422,1.305373511,0.734713775,0.544773696,0.644531121,0.605067588,0.30571524,0.295273431,0.590629142,0.544002127,
Sudan,SDN,High-technology exports (% of manufactured exports),TX.VAL.TECH.MF.ZS,,,,,,,,,,,,,,,,,,,,,,,,,,,,,,,,,,,,,,,,,,,,,,,,,,,,,0.016408641,0.84795371,1.098612625,0.69180467,1.159700948,0.600626153,2.202403482,,,,,,,
Senegal,SEN,High-technology exports (% of manufactured exports),TX.VAL.TECH.MF.ZS,,,,,,,,,,,,,,,,,,,,,,,,,,,,,,,,,,,,,,,,,,,,,,,,,5.810833693,13.63292724,1.862569273,0.896792231,0.866652258,1.48006701,1.831065667,3.749652959,2.718665973,2.163010904,2.809059645,0.935925024,0.744159035,1.879186747,2.300686888,1.604738865,3.043976659,
Singapore,SGP,High-technology exports (% of manufactured exports),TX.VAL.TECH.MF.ZS,,,,,,,,,,,,,,,,,,,,,,,,,,,,,,,,,,,,,,,,,,,,,,,,48.57810583,52.68897275,50.89715831,52.3392376,47.7371557,48.46261992,50.32718572,50.64032558,52.217455,52.2327295,53.07204429,51.5722801,51.81656901,55.26155801,54.97227525,56.82691899,56.13837586,59.42978294,
Solomon Islands,SLB,High-technology exports (% of manufactured exports),TX.VAL.TECH.MF.ZS,,,,,,,,,,,,,,,,,,,,,,,,,,,,,,,,,,,,,,,,,,,,,,,,,,,,,,,,2.799395181,1.742905012,1.022470169,1.359223255,,,,,,,
Sierra Leone,SLE,High-technology exports (% of manufactured exports),TX.VAL.TECH.MF.ZS,,,,,,,,,,,,,,,,,,,,,,,,,,,,,,,,,,,,,,,,,,,,,,,,,,,,,,,0.008480894,0.006537046,0.001260377,0.064879818,0.73611402,,,,,,,
El Salvador,SLV,High-technology exports (% of manufactured exports),TX.VAL.TECH.MF.ZS,,,,,,,,,,,,,,,,,,,,,,,,,,,,,,,,,,,,,,,,,,,,,,,,6.261768539,5.847802667,6.451760539,7.323011478,6.635783774,6.007837845,5.655386552,5.652586108,4.977013949,5.373201397,5.737361472,6.126993374,5.140762647,6.371222749,7.175161507,7.850018887,6.404010713,5.473331194,
San Marino,SMR,High-technology exports (% of manufactured exports),TX.VAL.TECH.MF.ZS,,,,,,,,,,,,,,,,,,,,,,,,,,,,,,,,,,,,,,,,,,,,,,,,,,,,,,,,,,,,,,,,,,
"Somalia, Fed. Rep.",SOM,High-technology exports (% of manufactured exports),TX.VAL.TECH.MF.ZS,,,,,,,,,,,,,,,,,,,,,,,,,,,,,,,,,,,,,,,,,,,,,,,,,,,,,,,,,,,,,,,,,,
Serbia,SRB,High-technology exports (% of manufactured exports),TX.VAL.TECH.MF.ZS,,,,,,,,,,,,,,,,,,,,,,,,,,,,,,,,,,,,,,,,,,,,,,,,4.54619757,,,,,,,,,,,,,,,,,,
Sub-Saharan Africa (excluding high income),SSA,High-technology exports (% of manufactured exports),TX.VAL.TECH.MF.ZS,,,,,,,,,,,,,,,,,,,,,,,,,,,,,,,,,,,,,,,,,,,,,,,,,,,,,,5.249654156,5.528148127,6.024389487,5.516572006,5.445813271,6.233799334,6.422642235,5.222957558,4.659269042,5.659013304,5.079779462,6.10666457,
South Sudan,SSD,High-technology exports (% of manufactured exports),TX.VAL.TECH.MF.ZS,,,,,,,,,,,,,,,,,,,,,,,,,,,,,,,,,,,,,,,,,,,,,,,,,,,,,,,,,,,,,,,,,,
Sub-Saharan Africa,SSF,High-technology exports (% of manufactured exports),TX.VAL.TECH.MF.ZS,,,,,,,,,,,,,,,,,,,,,,,,,,,,,,,,,,,,,,,,,,,,,,,,,,,,,,5.193117187,5.619870713,6.037467078,5.534489497,5.585531298,6.381792528,6.469450693,5.428934769,4.740670149,5.682943864,5.027275955,6.070146534,
Small states,SST,High-technology exports (% of manufactured exports),TX.VAL.TECH.MF.ZS,,,,,,,,,,,,,,,,,,,,,,,,,,,,,,,,,,,,,,,,,,,,,,,,,26.36409666,22.5273369,23.36120155,22.64648884,17.77027083,16.37111468,15.77977837,16.44431194,14.50189998,17.54348443,17.06027406,18.04513441,17.8365196,16.46517427,17.51244167,19.23389576,22.56968381,
Sao Tome and Principe,STP,High-technology exports (% of manufactured exports),TX.VAL.TECH.MF.ZS,,,,,,,,,,,,,,,,,,,,,,,,,,,,,,,,,,,,,,,,,,,,,,,,,,,,2.001836969,14.54785828,14.51788571,1.38764213,46.95713857,68.14284925,34.66415585,45.96733865,17.03024883,10.1711733,8.179267483,5.294293818,29.27343289,,
Suriname,SUR,High-technology exports (% of manufactured exports),TX.VAL.TECH.MF.ZS,,,,,,,,,,,,,,,,,,,,,,,,,,,,,,,,,,,,,,,,,,,,,,,,,,,14.22401616,6.935176293,25.08546688,10.88441202,14.93506533,10.81283131,20.03223774,8.277509454,5.821896728,12.52180718,2.511958911,4.633987929,11.35014498,3.212749436,10.37299167,
Slovak Republic,SVK,High-technology exports (% of manufactured exports),TX.VAL.TECH.MF.ZS,,,,,,,,,,,,,,,,,,,,,,,,,,,,,,,,,,,,,,,,,,,,,,,,5.39522984,5.085143068,6.340583769,7.364289205,7.524663276,9.56862397,11.01497362,11.14773596,11.15869969,10.73718804,11.76542023,10.63648348,9.912388827,9.997414468,9.001389402,8.490416014,9.718458466,10.59355536,
Slovenia,SVN,High-technology exports (% of manufactured exports),TX.VAL.TECH.MF.ZS,,,,,,,,,,,,,,,,,,,,,,,,,,,,,,,,,,,,,,,,,,,,,,,,5.68650889,6.485137051,6.847935708,6.078948372,6.214541578,6.661771913,6.738182839,6.41719008,7.007694456,7.144186748,6.508448248,6.830539823,7.353924504,7.799852786,6.209306033,8.569786439,8.203455821,8.343380343,
Sweden,SWE,High-technology exports (% of manufactured exports),TX.VAL.TECH.MF.ZS,,,,,,,,,,,,,,,,,,,,,,,,,,,,,,,,,,,,,,,,,,,,,,,,16.80572307,17.24858711,18.773299,19.41148424,18.69816207,17.98383179,18.0253833,17.87746724,18.12909541,17.83760164,15.11034245,14.16431406,14.50578357,15.13595084,13.93483175,17.25665414,17.62385203,17.65245511,
Eswatini,SWZ,High-technology exports (% of manufactured exports),TX.VAL.TECH.MF.ZS,,,,,,,,,,,,,,,,,,,,,,,,,,,,,,,,,,,,,,,,,,,,,,,,,0.353158965,0.275143887,0.231421837,0.076565021,0.066120344,0.097861409,0.081770873,0.233042562,0.200467504,0.2932498,0.92535156,0.274607103,0.342192841,0.325445621,0.31591177,0.285307159,,
Sint Maarten (Dutch part),SXM,High-technology exports (% of manufactured exports),TX.VAL.TECH.MF.ZS,,,,,,,,,,,,,,,,,,,,,,,,,,,,,,,,,,,,,,,,,,,,,,,,,,,,,,,,,,,,,,,,,,
Seychelles,SYC,High-technology exports (% of manufactured exports),TX.VAL.TECH.MF.ZS,,,,,,,,,,,,,,,,,,,,,,,,,,,,,,,,,,,,,,,,,,,,,,,,,,,,,,9.564211106,6.068161735,8.033459573,3.773911538,30.77388883,5.220562243,2.19832034,3.284999276,3.343076158,25.03899166,0.038406254,0.089905417,
Syrian Arab Republic,SYR,High-technology exports (% of manufactured exports),TX.VAL.TECH.MF.ZS,,,,,,,,,,,,,,,,,,,,,,,,,,,,,,,,,,,,,,,,,,,,,,,,,1.824439275,1.5718731,1.382927161,,,,,,,,,,,,,,,
Turks and Caicos Islands,TCA,High-technology exports (% of manufactured exports),TX.VAL.TECH.MF.ZS,,,,,,,,,,,,,,,,,,,,,,,,,,,,,,,,,,,,,,,,,,,,,,,,,,,,2.100620439,2.19852999,,,,,,,,,,,,,
Chad,TCD,High-technology exports (% of manufactured exports),TX.VAL.TECH.MF.ZS,,,,,,,,,,,,,,,,,,,,,,,,,,,,,,,,,,,,,,,,,,,,,,,,,,,,,,,,,,,,,,,,,,
East Asia & Pacific (IDA & IBRD countries),TEA,High-technology exports (% of manufactured exports),TX.VAL.TECH.MF.ZS,,,,,,,,,,,,,,,,,,,,,,,,,,,,,,,,,,,,,,,,,,,,,,,,29.79241983,28.14595457,32.64354297,30.92647574,29.12791908,29.76797556,30.49543513,29.26816981,29.99609846,29.96600715,31.70703903,32.16727157,31.72104878,32.60162766,31.17575308,30.1110229,29.43613061,28.01815649,
Europe & Central Asia (IDA & IBRD countries),TEC,High-technology exports (% of manufactured exports),TX.VAL.TECH.MF.ZS,,,,,,,,,,,,,,,,,,,,,,,,,,,,,,,,,,,,,,,,,,,,,,,,5.365371729,5.495362576,8.559763701,9.183735488,7.775871062,8.693819193,10.15404175,10.81235495,11.93868242,11.05321566,9.581937962,9.218894828,9.919839807,9.1188619,8.687709584,,10.7692058,12.0816367,
Togo,TGO,High-technology exports (% of manufactured exports),TX.VAL.TECH.MF.ZS,,,,,,,,,,,,,,,,,,,,,,,,,,,,,,,,,,,,,,,,,,,,,,,,,0.039614032,0.076542175,0.048432554,0.195578045,0.171441832,0.220281403,0.154374793,0.804645069,0.099803069,0.740557471,0.090662648,0.053547031,0.237930204,0.326092138,0.301071945,0.573585599,0.68194828,
Thailand,THA,High-technology exports (% of manufactured exports),TX.VAL.TECH.MF.ZS,,,,,,,,,,,,,,,,,,,,,,,,,,,,,,,,,,,,,,,,,,,,,,,,28.02546137,26.37954196,27.50869887,26.29892832,22.6972119,22.97873427,22.14607451,22.6439946,23.90819125,24.15339127,25.09473528,23.70104618,24.14561463,27.64764726,24.66428,25.83774881,26.05062294,28.30577688,
Tajikistan,TJK,High-technology exports (% of manufactured exports),TX.VAL.TECH.MF.ZS,,,,,,,,,,,,,,,,,,,,,,,,,,,,,,,,,,,,,,,,,,,,,,,,,,,,,,,,,33.78672155,14.70949431,4.287966509,4.528856478,2.607663161,0.408284649,1.62712759,15.20779101,,
Turkmenistan,TKM,High-technology exports (% of manufactured exports),TX.VAL.TECH.MF.ZS,,,,,,,,,,,,,,,,,,,,,,,,,,,,,,,,,,,,,,,,,,,,,,,,,,,,,,,,,,,,,,,,,,
Latin America & the Caribbean (IDA & IBRD countries),TLA,High-technology exports (% of manufactured exports),TX.VAL.TECH.MF.ZS,,,,,,,,,,,,,,,,,,,,,,,,,,,,,,,,,,,,,,,,,,,,,,,,,13.35141225,14.45415688,13.85620485,12.60859843,12.89427862,13.27512925,13.29928206,13.87753258,14.77701217,14.45034389,14.09862856,13.86429378,14.66109965,12.61872141,12.7987526,12.50384655,13.16388767,
Timor-Leste,TLS,High-technology exports (% of manufactured exports),TX.VAL.TECH.MF.ZS,,,,,,,,,,,,,,,,,,,,,,,,,,,,,,,,,,,,,,,,,,,,,,,,,,,,,,,,,,,,,0.007295542,0.027122888,6.829766985,1.526050322,,
"Middle East, North Africa, Afghanistan & Pakistan (IDA & IBRD)",TMN,High-technology exports (% of manufactured exports),TX.VAL.TECH.MF.ZS,,,,,,,,,,,,,,,,,,,,,,,,,,,,,,,,,,,,,,,,,,,,,,,,,,,,2.848649536,,,1.647665086,2.013722498,2.096239145,2.065603853,,2.473253718,2.766255796,,,,,
Tonga,TON,High-technology exports (% of manufactured exports),TX.VAL.TECH.MF.ZS,,,,,,,,,,,,,,,,,,,,,,,,,,,,,,,,,,,,,,,,,,,,,,,,,0,1.09134111,0.038762918,0.089759048,6.638248556,5.973503093,2.696506088,,,4.902177584,2.169691674,1.1278595,3.733361757,1.689959541,0.552737028,28.46029488,,
South Asia (IDA & IBRD),TSA,High-technology exports (% of manufactured exports),TX.VAL.TECH.MF.ZS,,,,,,,,,,,,,,,,,,,,,,,,,,,,,,,,,,,,,,,,,,,,,,,,,,8.716325242,7.339363904,7.418683216,7.255711996,8.339488469,9.179652082,7.173322936,6.797103491,6.604467435,8.398220412,9.842985123,10.70178647,9.944753959,12.34354836,14.53711804,18.05890393,
Sub-Saharan Africa (IDA & IBRD countries),TSS,High-technology exports (% of manufactured exports),TX.VAL.TECH.MF.ZS,,,,,,,,,,,,,,,,,,,,,,,,,,,,,,,,,,,,,,,,,,,,,,,,,,,,,,5.193117187,5.619870713,6.037467078,5.534489497,5.585531298,6.381792528,6.469450693,5.428934769,4.740670149,5.682943864,5.027275955,6.070146534,
Trinidad and Tobago,TTO,High-technology exports (% of manufactured exports),TX.VAL.TECH.MF.ZS,,,,,,,,,,,,,,,,,,,,,,,,,,,,,,,,,,,,,,,,,,,,,,,,1.59969684,0.774406389,0.259351817,0.092252729,0.122741211,0.760076692,0.181445808,0.124931158,0.137939996,0.157263835,0.197546615,0.147211459,0.332515325,0.175863227,0.102834402,0.0822279,0.223229642,0.223696636,
Tunisia,TUN,High-technology exports (% of manufactured exports),TX.VAL.TECH.MF.ZS,,,,,,,,,,,,,,,,,,,,,,,,,,,,,,,,,,,,,,,,,,,,,,,,,5.55706131,6.837577205,8.002039258,8.302148074,7.042360308,6.421736052,6.765413034,7.785429726,7.855967515,7.389752594,6.764499904,6.885857351,7.648322245,7.168311184,7.189886086,7.701107443,,
Turkiye,TUR,High-technology exports (% of manufactured exports),TX.VAL.TECH.MF.ZS,,,,,,,,,,,,,,,,,,,,,,,,,,,,,,,,,,,,,,,,,,,,,,,,2.168754307,1.888295215,2.029276959,2.194824352,2.110645608,2.154852626,3.130552576,3.37973172,3.436104436,3.038145997,3.232912935,2.673531299,3.028176692,3.152770113,3.2836274,3.664035549,4.51829099,5.13775957,
Tuvalu,TUV,High-technology exports (% of manufactured exports),TX.VAL.TECH.MF.ZS,,,,,,,,,,,,,,,,,,,,,,,,,,,,,,,,,,,,,,,,,,,,,,,,,,,,,,,,,,,,,,,,,,
Tanzania,TZA,High-technology exports (% of manufactured exports),TX.VAL.TECH.MF.ZS,,,,,,,,,,,,,,,,,,,,,,,,,,,,,,,,,,,,,,,,,,,,,,,,,2.262165068,3.580897013,3.982828294,5.693519313,10.69076255,6.143433891,3.384302063,0.816770095,2.319527565,2.558370182,6.891643597,1.284425289,2.687619296,1.682934711,1.70363566,5.068110536,3.005692751,
Uganda,UGA,High-technology exports (% of manufactured exports),TX.VAL.TECH.MF.ZS,,,,,,,,,,,,,,,,,,,,,,,,,,,,,,,,,,,,,,,,,,,,,,,,,1.488808528,1.306465561,2.571006117,22.55603535,21.89461556,2.108587625,2.678528751,2.305422512,2.051039907,2.053875689,3.478286683,3.124123016,2.102872029,2.347934697,2.395714863,1.408107805,1.915938334,
Ukraine,UKR,High-technology exports (% of manufactured exports),TX.VAL.TECH.MF.ZS,,,,,,,,,,,,,,,,,,,,,,,,,,,,,,,,,,,,,,,,,,,,,,,,,,,,4.514226676,6.471936107,6.146130326,6.887543429,8.03896422,6.678941231,6.165929096,5.424951741,5.480148727,5.852393845,4.510507923,5.736135656,6.688121929,6.370287898,
Upper middle income,UMC,High-technology exports (% of manufactured exports),TX.VAL.TECH.MF.ZS,,,,,,,,,,,,,,,,,,,,,,,,,,,,,,,,,,,,,,,,,,,,,,,,,21.04466033,25.26960825,24.61379814,21.73186729,23.01110464,23.26086458,22.80298267,23.81537901,23.48785393,23.68770954,24.04620319,23.69805909,25.23096723,23.65875434,22.68489,22.10014712,22.61228282,
Uruguay,URY,High-technology exports (% of manufactured exports),TX.VAL.TECH.MF.ZS,,,,,,,,,,,,,,,,,,,,,,,,,,,,,,,,,,,,,,,,,,,,,,,,3.678288277,5.328904095,6.360343273,7.260327157,6.697487236,9.903988753,9.20466595,8.553454632,14.74259787,10.59605355,8.491142633,7.636703822,8.298025072,9.802503204,8.603734005,9.551600233,10.70723087,9.841789759,
United States,USA,High-technology exports (% of manufactured exports),TX.VAL.TECH.MF.ZS,,,,,,,,,,,,,,,,,,,,,,,,,,,,,,,,,,,,,,,,,,,,,,,,29.89913516,28.41928061,24.36264469,22.61947752,20.62491616,20.1742507,20.18863537,20.48439822,21.39044804,22.4192942,19.26596996,18.48426993,18.68539393,19.49397616,19.90146141,20.5789833,21.84598784,24.32298284,
Uzbekistan,UZB,High-technology exports (% of manufactured exports),TX.VAL.TECH.MF.ZS,,,,,,,,,,,,,,,,,,,,,,,,,,,,,,,,,,,,,,,,,,,,,,,,,,,,,,,,,,1.543283661,0.453823634,0.724935108,1.304907827,0.308087494,1.412102407,2.822390701,1.73386306,
St. Vincent and the Grenadines,VCT,High-technology exports (% of manufactured exports),TX.VAL.TECH.MF.ZS,,,,,,,,,,,,,,,,,,,,,,,,,,,,,,,,,,,,,,,,,,,,,,,,,,0.819113296,0.155865233,0.026135304,0.050756063,0.214024288,0.046039138,0,0.004010314,0.000819764,0.001089288,9.926175847,0,0.003450249,4.0070873,4.934428619,,
"Venezuela, RB",VEN,High-technology exports (% of manufactured exports),TX.VAL.TECH.MF.ZS,,,,,,,,,,,,,,,,,,,,,,,,,,,,,,,,,,,,,,,,,,,,,,,,,,,,,,,,,,,,,,,,,,
British Virgin Islands,VGB,High-technology exports (% of manufactured exports),TX.VAL.TECH.MF.ZS,,,,,,,,,,,,,,,,,,,,,,,,,,,,,,,,,,,,,,,,,,,,,,,,,,,,,,,,,,,,,,,,,,
Virgin Islands (U.S.),VIR,High-technology exports (% of manufactured exports),TX.VAL.TECH.MF.ZS,,,,,,,,,,,,,,,,,,,,,,,,,,,,,,,,,,,,,,,,,,,,,,,,,,,,,,,,,,,,,,,,,,
Viet Nam,VNM,High-technology exports (% of manufactured exports),TX.VAL.TECH.MF.ZS,,,,,,,,,,,,,,,,,,,,,,,,,,,,,,,,,,,,,,,,,,,,,,,,,8.840152975,10.52411238,13.1303196,18.81479808,27.16302786,33.59564265,32.0548869,36.36911175,38.05696171,41.7381333,40.75015957,40.43343003,41.74010404,41.53963465,42.68917891,44.25688525,,
Vanuatu,VUT,High-technology exports (% of manufactured exports),TX.VAL.TECH.MF.ZS,,,,,,,,,,,,,,,,,,,,,,,,,,,,,,,,,,,,,,,,,,,,,,,,,,,,,,,,,,,,,,,,,,
World,WLD,High-technology exports (% of manufactured exports),TX.VAL.TECH.MF.ZS,,,,,,,,,,,,,,,,,,,,,,,,,,,,,,,,,,,,,,,,,,,,,,,,19.84289945,18.96742882,20.65470065,20.54704147,18.67323275,18.89166788,18.97681019,19.05574604,19.94092077,20.08709978,20.5509011,20.50684816,20.71915676,21.82940847,21.54240073,22.89454842,22.95467509,24.75887007,
Samoa,WSM,High-technology exports (% of manufactured exports),TX.VAL.TECH.MF.ZS,,,,,,,,,,,,,,,,,,,,,,,,,,,,,,,,,,,,,,,,,,,,,,,,,,0.573530843,1.271172676,1.030058402,0.301258665,0.695966051,1.976781384,0.824592523,1.018478814,1.394586109,3.095272424,2.279013657,,1.075284301,0.554369269,5.742017319,76.67006411,
Kosovo,XKX,High-technology exports (% of manufactured exports),TX.VAL.TECH.MF.ZS,,,,,,,,,,,,,,,,,,,,,,,,,,,,,,,,,,,,,,,,,,,,,,,,,,,,,,,,,,,,,,,,,,
"Yemen, Rep.",YEM,High-technology exports (% of manufactured exports),TX.VAL.TECH.MF.ZS,,,,,,,,,,,,,,,,,,,,,,,,,,,,,,,,,,,,,,,,,,,,,,,,,,0.579934012,0.572957458,0.665766118,0.673180049,3.301955093,1.450964123,4.829284154,,,,,,,,,,
South Africa,ZAF,High-technology exports (% of manufactured exports),TX.VAL.TECH.MF.ZS,,,,,,,,,,,,,,,,,,,,,,,,,,,,,,,,,,,,,,,,,,,,,,,,5.953822669,5.483917809,5.881691774,6.238573015,6.207707226,6.687136205,6.522699586,6.660154456,7.406458153,6.6571232,5.679824427,5.273312669,4.895522634,5.62171976,5.54756049,5.521969233,4.955515712,5.709233442,
Zambia,ZMB,High-technology exports (% of manufactured exports),TX.VAL.TECH.MF.ZS,,,,,,,,,,,,,,,,,,,,,,,,,,,,,,,,,,,,,,,,,,,,,,,,,0.729230745,1.434074003,0.521350955,1.595564799,4.087496172,1.262393471,1.637361997,4.253384553,22.52556372,4.484758269,2.142753913,2.199605929,1.361262328,0.953120511,0.716710302,1.163565889,1.471942856,
Zimbabwe,ZWE,High-technology exports (% of manufactured exports),TX.VAL.TECH.MF.ZS,,,,,,,,,,,,,,,,,,,,,,,,,,,,,,,,,,,,,,,,,,,,,,,,,14.36368495,2.796702195,1.949051083,2.775200482,6.220814405,2.939574007,1.461770586,3.276827601,5.164382637,2.58586852,2.06369292,4.949714462,2.383867584,1.053740104,1.476931138,1.942188282,2.798017366,
