ISO3,Country,I_digital_A,HDIN_A,Rank_A,I_digital_B,HDIN_B,Rank_B,I_digital_C,HDIN_C,Rank_C,HDI_Standard,Rank_Standard
ISL,Iceland,0.8215,0.9227,1,0.8022,0.9173,1,0.8226,0.9230,1,0.9590,3
CHE,Switzerland,0.7714,0.9135,2,0.7478,0.9065,3,0.7806,0.9162,2,0.9670,1
SGP,Singapore,0.7957,0.9083,3,0.7947,0.9080,2,0.8074,0.9117,3,0.9490,9
IRL,Ireland,0.7926,0.9079,4,0.7756,0.9030,5,0.8031,0.9109,4,0.9500,7
NOR,Norway,0.7531,0.9077,5,0.7428,0.9045,4,0.7599,0.9097,5,0.9660,2
KOR,Republic of Korea,0.7909,0.8924,6,0.7892,0.8920,6,0.7981,0.8945,6,0.9290,19
GBR,United Kingdom of Great Britain and Northern Ireland,0.7495,0.8885,7,0.7455,0.8873,7,0.7594,0.8914,8,0.9400,15
MLT,Malta,0.8126,0.8880,8,0.7915,0.8822,9,0.8329,0.8935,7,0.9150,25
NLD,Netherlands,0.7323,0.8875,9,0.7229,0.8847,8,0.7386,0.8895,9,0.9460,10
AUS,Australia,0.7052,0.8790,10,0.7001,0.8774,10,0.7132,0.8815,10,0.9460,10
DNK,Denmark,0.6841,0.8762,11,0.6836,0.8761,11,0.6871,0.8772,11,0.9520,5
DEU,Germany,0.6650,0.8688,12,0.6650,0.8688,12,0.6810,0.8740,12,0.9500,7
SWE,Sweden,0.6561,0.8677,13,0.6384,0.8618,13,0.6626,0.8698,13,0.9520,5
BEL,Belgium,0.6506,0.8585,14,0.6252,0.8500,15,0.6712,0.8652,14,0.9420,12
USA,United States of America,0.6706,0.8550,15,0.6626,0.8524,14,0.6849,0.8595,15,0.9270,20
ISR,Israel,0.6787,0.8489,16,0.6569,0.8420,18,0.6991,0.8552,17,0.9150,25
CAN,Canada,0.6300,0.8472,17,0.6224,0.8447,16,0.6521,0.8546,18,0.9350,18
FRA,France,0.6825,0.8472,18,0.6686,0.8428,17,0.7098,0.8555,16,0.9100,28
NZL,New Zealand,0.5845,0.8344,19,0.5736,0.8304,19,0.5951,0.8381,19,0.9390,16
JPN,Japan,0.6060,0.8291,20,0.6048,0.8287,20,0.6295,0.8370,20,0.9200,24
CYP,Cyprus,0.6222,0.8256,21,0.6106,0.8217,21,0.6437,0.8326,21,0.9070,29
AND,Andorra,0.6729,0.8255,22,0.5807,0.7957,29,0.6925,0.8315,22,0.8840,35
AUT,Austria,0.5841,0.8255,23,0.5621,0.8176,24,0.5910,0.8279,23,0.9260,22
ARE,United Arab Emirates,0.5562,0.8222,24,0.5442,0.8177,23,0.5567,0.8224,26,0.9370,17
FIN,Finland,0.5428,0.8210,25,0.5331,0.8173,25,0.5496,0.8236,24,0.9420,12
EST,Estonia,0.6214,0.8201,26,0.6180,0.8189,22,0.6306,0.8230,25,0.8990,31
CZE,Czech Republic,0.6135,0.8140,27,0.5766,0.8015,27,0.6366,0.8216,27,0.8950,32
GRC,Greece,0.5956,0.8072,28,0.5878,0.8046,26,0.6240,0.8167,28,0.8930,33
ESP,Spain,0.5480,0.8020,29,0.5403,0.7992,28,0.5573,0.8054,29,0.9110,27
LUX,Luxembourg,0.4906,0.7904,30,0.4591,0.7774,33,0.4946,0.7921,33,0.9270,20
LVA,Latvia,0.5754,0.7904,31,0.5514,0.7820,31,0.5869,0.7943,31,0.8790,37
SVN,Slovenia,0.4876,0.7890,32,0.4818,0.7867,30,0.5050,0.7960,30,0.9260,22
HUN,Hungary,0.6128,0.7839,33,0.5946,0.7780,32,0.6388,0.7921,32,0.8510,47
ITA,Italy,0.4965,0.7797,34,0.4782,0.7724,35,0.5171,0.7877,34,0.9060,30
LTU,Lithuania,0.5428,0.7792,35,0.5317,0.7752,34,0.5588,0.7849,35,0.8790,37
CHN,China,0.7119,0.7686,36,0.7072,0.7673,36,0.7390,0.7758,36,0.7880,75
MYS,Malaysia,0.6523,0.7654,37,0.6054,0.7512,39,0.6625,0.7684,38,0.8070,63
POL,Poland,0.4908,0.7613,38,0.4703,0.7532,38,0.5079,0.7679,39,0.8810,36
HRV,Croatia,0.4907,0.7594,39,0.4852,0.7573,37,0.5149,0.7686,37,0.8780,39
PRT,Portugal,0.4851,0.7543,40,0.4712,0.7488,40,0.5073,0.7628,40,0.8740,42
CHL,Chile,0.4921,0.7480,41,0.4814,0.7439,41,0.5036,0.7523,42,0.8600,44
SVK,Slovakia,0.4937,0.7454,42,0.4686,0.7358,44,0.5150,0.7534,41,0.8550,45
URY,Uruguay,0.5285,0.7412,43,0.5204,0.7383,43,0.5436,0.7464,44,0.8300,52
ROU,Romania,0.5329,0.7411,44,0.4980,0.7286,45,0.5558,0.7489,43,0.8270,53
KAZ,Kazakhstan,0.5835,0.7404,45,0.5813,0.7396,42,0.6005,0.7457,45,0.8020,67
CRI,Costa Rica,0.5567,0.7349,46,0.5312,0.7263,46,0.5840,0.7437,46,0.8060,64
MNE,Montenegro,0.4573,0.7240,47,0.4022,0.7011,52,0.4737,0.7304,48,0.8440,50
THA,Thailand,0.5258,0.7222,48,0.5004,0.7133,47,0.5430,0.7280,49,0.8030,66
BRB,Barbados,0.5126,0.7216,49,0.4747,0.7078,50,0.5658,0.7396,47,0.8090,62
RUS,Russian Federation,0.4845,0.7196,50,0.4618,0.7110,48,0.4964,0.7240,51,0.8210,56
BGR,Bulgaria,0.5162,0.7161,51,0.4964,0.7092,49,0.5468,0.7265,50,0.7990,70
ARG,Argentina,0.4109,0.7083,52,0.4060,0.7062,51,0.4280,0.7156,52,0.8490,48
ARM,Armenia,0.5012,0.7025,53,0.4901,0.6985,53,0.5316,0.7129,53,0.7860,76
TUR,Türkiye,0.3770,0.6967,54,0.3681,0.6926,54,0.3910,0.7031,56,0.8550,45
VNM,Viet Nam,0.6144,0.6964,55,0.5865,0.6884,56,0.6585,0.7086,54,0.7260,107
MEX,Mexico,0.4915,0.6953,56,0.4830,0.6923,55,0.5271,0.7076,55,0.7810,77
BLR,Belarus,0.4466,0.6922,57,0.4026,0.6745,57,0.4609,0.6977,57,0.8010,69
MNG,Mongolia,0.4924,0.6692,58,0.4775,0.6641,59,0.5162,0.6772,58,0.7410,96
QAT,Qatar,0.2968,0.6675,59,0.2780,0.6567,61,0.3013,0.6700,60,0.8750,40
SAU,Saudi Arabia,0.2939,0.6659,60,0.2935,0.6657,58,0.2958,0.6670,61,0.8750,40
BRA,Brazil,0.4464,0.6652,61,0.4348,0.6608,60,0.4688,0.6734,59,0.7600,89
OMN,Oman,0.3364,0.6558,62,0.3220,0.6487,62,0.3430,0.6590,65,0.8190,59
MKD,North Macedonia,0.3997,0.6507,63,0.3904,0.6468,63,0.4295,0.6624,62,0.7650,83
PHL,Philippines,0.4916,0.6475,64,0.4853,0.6454,64,0.5346,0.6612,63,0.7100,113
BIH,Bosnia and Herzegovina,0.3702,0.6468,65,0.3415,0.6339,66,0.4015,0.6601,64,0.7790,80
GEO,Georgia (Country),0.3209,0.6452,66,0.2890,0.6285,67,0.3344,0.6519,66,0.8140,60
COL,Colombia,0.3790,0.6373,67,0.3737,0.6351,65,0.4109,0.6503,68,0.7580,91
VCT,Saint Vincent and the Grenadines,0.3514,0.6342,68,0.3230,0.6210,70,0.3917,0.6516,67,0.7720,81
UKR,Ukraine,0.3993,0.6306,69,0.3842,0.6246,69,0.4163,0.6373,74,0.7340,100
AZE,Azerbaijan,0.3549,0.6283,70,0.3474,0.6250,68,0.3763,0.6376,73,0.7600,89
ECU,Ecuador,0.3473,0.6279,71,0.3283,0.6191,71,0.3748,0.6399,72,0.7650,83
GUY,Guyana,0.3809,0.6279,72,0.3422,0.6113,75,0.4240,0.6449,69,0.7420,95
GRD,Grenada,0.3029,0.6234,73,0.2890,0.6161,72,0.3413,0.6423,70,0.7930,73
BRN,Brunei Darussalam,0.2605,0.6171,74,0.2286,0.5973,81,0.2632,0.6187,78,0.8230,55
BHR,Bahrain,0.2073,0.6171,75,0.2028,0.6137,73,0.2087,0.6182,79,0.8880,34
DOM,Dominican Republic,0.3205,0.6158,76,0.3118,0.6116,74,0.3459,0.6277,75,0.7660,82
PRY,Paraguay,0.3619,0.6130,77,0.3502,0.6080,76,0.3938,0.6261,76,0.7310,102
TON,Tonga,0.3495,0.6128,78,0.3350,0.6063,78,0.4164,0.6402,71,0.7390,98
MDA,Republic of Moldova,0.3143,0.6113,79,0.3073,0.6079,77,0.3409,0.6238,77,0.7630,86
UZB,Uzbekistan,0.3576,0.6091,80,0.3472,0.6046,79,0.3748,0.6163,80,0.7270,106
PER,Peru,0.2997,0.6032,81,0.2996,0.6032,80,0.3231,0.6147,81,0.7620,87
KGZ,Kyrgyzstan,0.3727,0.5987,82,0.3440,0.5868,82,0.3888,0.6051,84,0.7010,117
MUS,Mauritius,0.2501,0.5962,83,0.2266,0.5817,84,0.2639,0.6042,85,0.7960,72
TUN,Tunisia,0.3209,0.5956,84,0.2996,0.5855,83,0.3553,0.6110,82,0.7320,101
LCA,Saint Lucia,0.3092,0.5857,85,0.2801,0.5714,88,0.3563,0.6068,83,0.7250,108
DMA,Dominica,0.2844,0.5828,86,0.2605,0.5702,89,0.3175,0.5990,86,0.7400,97
PAN,Panama,0.2082,0.5820,87,0.1968,0.5739,86,0.2295,0.5963,87,0.8200,57
ALB,Albania,0.2250,0.5767,88,0.2228,0.5752,85,0.2403,0.5862,89,0.7890,74
BOL,Bolivia,0.3234,0.5761,89,0.3141,0.5719,87,0.3584,0.5911,88,0.6980,120
JAM,Jamaica,0.2866,0.5637,90,0.2742,0.5575,90,0.3083,0.5741,90,0.7060,115
SUR,Suriname,0.3016,0.5610,91,0.2666,0.5440,95,0.3202,0.5695,93,0.6900,124
IDN,Indonesia,0.2667,0.5573,92,0.2625,0.5552,92,0.2934,0.5708,92,0.7130,112
MAR,Morocco,0.2842,0.5573,93,0.2580,0.5440,94,0.2985,0.5642,96,0.6980,120
EGY,Egypt,0.2484,0.5564,94,0.2481,0.5562,91,0.2801,0.5733,91,0.7280,105
TTO,Trinidad and Tobago,0.1707,0.5508,95,0.1627,0.5442,93,0.1846,0.5616,97,0.8140,60
LBN,Lebanon,0.2423,0.5503,96,0.2296,0.5429,97,0.2735,0.5672,95,0.7230,109
IRN,Iran (Islamic Republic of),0.1920,0.5496,97,0.1597,0.5249,102,0.2008,0.5558,99,0.7800,78
CUB,Cuba,0.2025,0.5481,98,0.1851,0.5359,99,0.2358,0.5693,94,0.7640,85
JOR,Jordan,0.2258,0.5479,99,0.2193,0.5440,96,0.2418,0.5574,98,0.7360,99
KWT,Kuwait,0.1436,0.5434,100,0.1283,0.5283,100,0.1448,0.5445,103,0.8470,49
ZAF,South Africa,0.2279,0.5383,101,0.2274,0.5380,98,0.2434,0.5473,101,0.7170,110
SLV,El Salvador,0.2696,0.5357,102,0.2514,0.5264,101,0.3106,0.5550,100,0.6740,127
LKA,Sri Lanka,0.1600,0.5248,103,0.1492,0.5157,103,0.1876,0.5461,102,0.7800,78
MDV,Maldives,0.1506,0.5080,104,0.1439,0.5022,104,0.1631,0.5182,104,0.7620,87
IND,India,0.2341,0.5003,105,0.2180,0.4914,105,0.2663,0.5167,105,0.6440,134
SYC,Seychelles,0.1156,0.4941,106,0.1006,0.4772,106,0.1212,0.5000,108,0.8020,67
STP,Sao Tome and Principe,0.2394,0.4847,107,0.2214,0.4753,107,0.2950,0.5107,106,0.6130,141
KHM,Cambodia,0.2500,0.4818,108,0.2278,0.4707,110,0.2830,0.4969,109,0.6000,148
FJI,Fiji,0.1356,0.4786,109,0.1275,0.4714,109,0.1491,0.4902,111,0.7290,104
TJK,Tajikistan,0.1655,0.4771,110,0.1597,0.4728,108,0.2005,0.5005,107,0.6790,126
GAB,Gabon,0.1544,0.4760,111,0.1293,0.4554,114,0.1705,0.4880,112,0.6930,123
GTM,Guatemala,0.2012,0.4728,112,0.1976,0.4707,111,0.2428,0.4955,110,0.6290,136
CPV,Cabo Verde,0.1719,0.4718,113,0.1685,0.4695,112,0.1946,0.4867,113,0.6610,131
BHS,Bahamas,0.0882,0.4696,114,0.0800,0.4582,113,0.0917,0.4742,115,0.8200,57
LAO,Lao People's Democratic Republic,0.1827,0.4568,115,0.1724,0.4502,115,0.2226,0.4799,114,0.6200,139
BWA,Botswana,0.1198,0.4540,116,0.1024,0.4365,118,0.1352,0.4680,117,0.7080,114
HND,Honduras,0.1635,0.4464,117,0.1626,0.4458,116,0.2038,0.4718,116,0.6240,138
NIC,Nicaragua,0.1264,0.4412,118,0.1219,0.4372,117,0.1518,0.4619,118,0.6690,130
MMR,Myanmar,0.1266,0.4105,119,0.1141,0.4000,119,0.1571,0.4333,119,0.6080,144
NPL,Nepal,0.1247,0.4056,120,0.1133,0.3961,120,0.1512,0.4257,120,0.6010,146
KEN,Kenya,0.1093,0.3922,121,0.1038,0.3872,122,0.1427,0.4193,122,0.6010,146
AGO,Angola,0.1121,0.3900,122,0.1114,0.3894,121,0.1560,0.4236,121,0.5910,150
GHA,Ghana,0.1028,0.3870,123,0.0996,0.3840,123,0.1166,0.3995,125,0.6020,145
CMR,Cameroon,0.1009,0.3780,124,0.1002,0.3773,124,0.1365,0.4077,124,0.5870,151
COG,Congo,0.0935,0.3739,125,0.0935,0.3738,125,0.1325,0.4079,123,0.5930,149
SWZ,Eswatini,0.0859,0.3736,126,0.0777,0.3644,126,0.0980,0.3860,126,0.6100,142
CIV,Côte d'Ivoire,0.1138,0.3627,127,0.1094,0.3591,127,0.1455,0.3856,127,0.5340,166
SEN,Senegal,0.1147,0.3549,128,0.1066,0.3484,129,0.1368,0.3708,130,0.5170,169
DJI,Djibouti,0.1155,0.3544,129,0.1101,0.3501,128,0.1535,0.3805,128,0.5150,171
NAM,Namibia,0.0677,0.3521,130,0.0634,0.3465,131,0.0778,0.3647,131,0.6100,142
ZWE,Zimbabwe,0.0887,0.3487,131,0.0884,0.3484,130,0.1213,0.3771,129,0.5500,159
KIR,Kiribati,0.0560,0.3432,132,0.0555,0.3424,132,0.0658,0.3573,133,0.6280,137
RWA,Rwanda,0.0746,0.3330,133,0.0643,0.3209,134,0.0968,0.3554,135,0.5480,161
BTN,Bhutan,0.0387,0.3325,134,0.0363,0.3272,133,0.0415,0.3383,139,0.6810,125
MRT,Mauritania,0.0737,0.3285,135,0.0645,0.3177,135,0.0966,0.3514,136,0.5400,164
COM,Comoros,0.0558,0.3256,136,0.0505,0.3175,136,0.0836,0.3602,132,0.5860,152
PAK,Pakistan,0.0614,0.3137,137,0.0576,0.3086,138,0.0922,0.3472,137,0.5400,164
TGO,Togo,0.0586,0.3129,138,0.0554,0.3085,139,0.0804,0.3386,138,0.5470,163
PNG,Papua New Guinea,0.0523,0.3127,139,0.0502,0.3094,137,0.0875,0.3556,134,0.5680,154
GMB,Gambia,0.0681,0.3014,140,0.0625,0.2950,141,0.0956,0.3281,141,0.4950,174
ZMB,Zambia,0.0433,0.2988,141,0.0432,0.2986,140,0.0687,0.3353,140,0.5690,153
NGA,Nigeria,0.0453,0.2939,142,0.0447,0.2929,142,0.0605,0.3158,145,0.5480,161
BEN,Benin,0.0575,0.2930,143,0.0570,0.2922,143,0.0809,0.3191,144,0.5040,173
TZA,United Republic of Tanzania,0.0487,0.2927,144,0.0474,0.2908,144,0.0705,0.3210,142,0.5320,167
ETH,Ethiopia,0.0528,0.2819,145,0.0518,0.2805,145,0.0877,0.3199,143,0.4920,176
MLI,Mali,0.0836,0.2756,146,0.0812,0.2736,146,0.1236,0.3039,146,0.4100,188
BFA,Burkina Faso,0.0560,0.2620,147,0.0556,0.2615,147,0.0907,0.2956,147,0.4380,185
MWI,Malawi,0.0353,0.2609,148,0.0326,0.2557,148,0.0560,0.2927,148,0.5080,172
LSO,Lesotho,0.0304,0.2561,149,0.0289,0.2530,149,0.0395,0.2734,151,0.5210,168
LBR,Liberia,0.0338,0.2501,150,0.0326,0.2478,150,0.0530,0.2799,149,0.4870,177
TLS,Timor-Leste,0.0191,0.2423,151,0.0190,0.2421,151,0.0271,0.2647,153,0.5660,155
MOZ,Mozambique,0.0344,0.2411,152,0.0311,0.2351,152,0.0554,0.2717,152,0.4610,183
UGA,Uganda,0.0197,0.2391,153,0.0175,0.2322,153,0.0344,0.2750,150,0.5500,159
MDG,Madagascar,0.0210,0.2218,154,0.0195,0.2178,154,0.0342,0.2507,154,0.4870,177
NER,Niger,0.0319,0.2101,155,0.0307,0.2079,155,0.0623,0.2482,155,0.3940,189
COD,Democratic Republic of the Congo,0.0107,0.1856,156,0.0105,0.1851,156,0.0186,0.2132,156,0.4810,180
BDI,Burundi,0.0101,0.1652,157,0.0093,0.1618,157,0.0211,0.1989,157,0.4200,187
CAF,Central African Republic,0.0113,0.1601,158,0.0110,0.1589,158,0.0262,0.1974,158,0.3870,191
