ISO3,Country,M49_Region,M49_Subregion,WB_Region
ABW,Aruba,Americas,Latin America and the Caribbean,Latin America & Caribbean 
AFG,Afghanistan,Asia,Southern Asia,"Middle East, North Africa, Afghanistan & Pakistan"
AGO,Angola,Africa,Sub-Saharan Africa,Sub-Saharan Africa 
AIA,Anguilla,Americas,Latin America and the Caribbean,
ALA,Åland Islands,Europe,Northern Europe,
ALB,Albania,Europe,Southern Europe,Europe & Central Asia
AND,Andorra,Europe,Southern Europe,Europe & Central Asia
ARE,United Arab Emirates,Asia,Western Asia,"Middle East, North Africa, Afghanistan & Pakistan"
ARG,Argentina,Americas,Latin America and the Caribbean,Latin America & Caribbean 
ARM,Armenia,Asia,Western Asia,Europe & Central Asia
ASM,American Samoa,Oceania,Polynesia,East Asia & Pacific
ATA,Antarctica,,,
ATF,French Southern Territories,Africa,Sub-Saharan Africa,
ATG,Antigua and Barbuda,Americas,Latin America and the Caribbean,Latin America & Caribbean 
AUS,Australia,Oceania,Australia and New Zealand,East Asia & Pacific
AUT,Austria,Europe,Western Europe,Europe & Central Asia
AZE,Azerbaijan,Asia,Western Asia,Europe & Central Asia
BDI,Burundi,Africa,Sub-Saharan Africa,Sub-Saharan Africa 
BEL,Belgium,Europe,Western Europe,Europe & Central Asia
BEN,Benin,Africa,Sub-Saharan Africa,Sub-Saharan Africa 
BES,"Bonaire, Sint Eustatius and Saba",Americas,Latin America and the Caribbean,
BFA,Burkina Faso,Africa,Sub-Saharan Africa,Sub-Saharan Africa 
BGD,Bangladesh,Asia,Southern Asia,South Asia
BGR,Bulgaria,Europe,Eastern Europe,Europe & Central Asia
BHR,Bahrain,Asia,Western Asia,"Middle East, North Africa, Afghanistan & Pakistan"
BHS,Bahamas,Americas,Latin America and the Caribbean,Latin America & Caribbean 
BIH,Bosnia and Herzegovina,Europe,Southern Europe,Europe & Central Asia
BLM,Saint Barthélemy,Americas,Latin America and the Caribbean,
BLR,Belarus,Europe,Eastern Europe,Europe & Central Asia
BLZ,Belize,Americas,Latin America and the Caribbean,Latin America & Caribbean 
BMU,Bermuda,Americas,Northern America,North America
BOL,Bolivia (Plurinational State of),Americas,Latin America and the Caribbean,Latin America & Caribbean 
BRA,Brazil,Americas,Latin America and the Caribbean,Latin America & Caribbean 
BRB,Barbados,Americas,Latin America and the Caribbean,Latin America & Caribbean 
BRN,Brunei Darussalam,Asia,South-eastern Asia,East Asia & Pacific
BTN,Bhutan,Asia,Southern Asia,South Asia
BVT,Bouvet Island,Americas,Latin America and the Caribbean,
BWA,Botswana,Africa,Sub-Saharan Africa,Sub-Saharan Africa 
CAF,Central African Republic,Africa,Sub-Saharan Africa,Sub-Saharan Africa 
CAN,Canada,Americas,Northern America,North America
CCK,Cocos (Keeling) Islands,Oceania,Australia and New Zealand,
CHE,Switzerland,Europe,Western Europe,Europe & Central Asia
CHI,Channel Islands,,,Europe & Central Asia
CHL,Chile,Americas,Latin America and the Caribbean,Latin America & Caribbean 
CHN,China,Asia,Eastern Asia,East Asia & Pacific
CIV,Côte d’Ivoire,Africa,Sub-Saharan Africa,Sub-Saharan Africa 
CMR,Cameroon,Africa,Sub-Saharan Africa,Sub-Saharan Africa 
COD,Democratic Republic of the Congo,Africa,Sub-Saharan Africa,Sub-Saharan Africa 
COG,Congo,Africa,Sub-Saharan Africa,Sub-Saharan Africa 
COK,Cook Islands,Oceania,Polynesia,
COL,Colombia,Americas,Latin America and the Caribbean,Latin America & Caribbean 
COM,Comoros,Africa,Sub-Saharan Africa,Sub-Saharan Africa 
CPV,Cabo Verde,Africa,Sub-Saharan Africa,Sub-Saharan Africa 
CRI,Costa Rica,Americas,Latin America and the Caribbean,Latin America & Caribbean 
CUB,Cuba,Americas,Latin America and the Caribbean,Latin America & Caribbean 
CUW,Curaçao,Americas,Latin America and the Caribbean,Latin America & Caribbean 
CXR,Christmas Island,Oceania,Australia and New Zealand,
CYM,Cayman Islands,Americas,Latin America and the Caribbean,Latin America & Caribbean 
CYP,Cyprus,Asia,Western Asia,Europe & Central Asia
CZE,Czechia,Europe,Eastern Europe,Europe & Central Asia
DEU,Germany,Europe,Western Europe,Europe & Central Asia
DJI,Djibouti,Africa,Sub-Saharan Africa,"Middle East, North Africa, Afghanistan & Pakistan"
DMA,Dominica,Americas,Latin America and the Caribbean,Latin America & Caribbean 
DNK,Denmark,Europe,Northern Europe,Europe & Central Asia
DOM,Dominican Republic,Americas,Latin America and the Caribbean,Latin America & Caribbean 
DZA,Algeria,Africa,Northern Africa,"Middle East, North Africa, Afghanistan & Pakistan"
ECU,Ecuador,Americas,Latin America and the Caribbean,Latin America & Caribbean 
EGY,Egypt,Africa,Northern Africa,"Middle East, North Africa, Afghanistan & Pakistan"
ERI,Eritrea,Africa,Sub-Saharan Africa,Sub-Saharan Africa 
ESH,Western Sahara,Africa,Northern Africa,
ESP,Spain,Europe,Southern Europe,Europe & Central Asia
EST,Estonia,Europe,Northern Europe,Europe & Central Asia
ETH,Ethiopia,Africa,Sub-Saharan Africa,Sub-Saharan Africa 
FIN,Finland,Europe,Northern Europe,Europe & Central Asia
FJI,Fiji,Oceania,Melanesia,East Asia & Pacific
FLK,Falkland Islands (Malvinas),Americas,Latin America and the Caribbean,
FRA,France,Europe,Western Europe,Europe & Central Asia
FRO,Faroe Islands,Europe,Northern Europe,Europe & Central Asia
FSM,Micronesia (Federated States of),Oceania,Micronesia,East Asia & Pacific
GAB,Gabon,Africa,Sub-Saharan Africa,Sub-Saharan Africa 
GBR,United Kingdom of Great Britain and Northern Ireland,Europe,Northern Europe,Europe & Central Asia
GEO,Georgia,Asia,Western Asia,Europe & Central Asia
GGY,Guernsey,Europe,Northern Europe,
GHA,Ghana,Africa,Sub-Saharan Africa,Sub-Saharan Africa 
GIB,Gibraltar,Europe,Southern Europe,Europe & Central Asia
GIN,Guinea,Africa,Sub-Saharan Africa,Sub-Saharan Africa 
GLP,Guadeloupe,Americas,Latin America and the Caribbean,
GMB,Gambia,Africa,Sub-Saharan Africa,Sub-Saharan Africa 
GNB,Guinea-Bissau,Africa,Sub-Saharan Africa,Sub-Saharan Africa 
GNQ,Equatorial Guinea,Africa,Sub-Saharan Africa,Sub-Saharan Africa 
GRC,Greece,Europe,Southern Europe,Europe & Central Asia
GRD,Grenada,Americas,Latin America and the Caribbean,Latin America & Caribbean 
GRL,Greenland,Americas,Northern America,Europe & Central Asia
GTM,Guatemala,Americas,Latin America and the Caribbean,Latin America & Caribbean 
GUF,French Guiana,Americas,Latin America and the Caribbean,
GUM,Guam,Oceania,Micronesia,East Asia & Pacific
GUY,Guyana,Americas,Latin America and the Caribbean,Latin America & Caribbean 
HKG,"China, Hong Kong Special Administrative Region",Asia,Eastern Asia,East Asia & Pacific
HMD,Heard Island and McDonald Islands,Oceania,Australia and New Zealand,
HND,Honduras,Americas,Latin America and the Caribbean,Latin America & Caribbean 
HRV,Croatia,Europe,Southern Europe,Europe & Central Asia
HTI,Haiti,Americas,Latin America and the Caribbean,Latin America & Caribbean 
HUN,Hungary,Europe,Eastern Europe,Europe & Central Asia
IDN,Indonesia,Asia,South-eastern Asia,East Asia & Pacific
IMN,Isle of Man,Europe,Northern Europe,Europe & Central Asia
IND,India,Asia,Southern Asia,South Asia
IOT,British Indian Ocean Territory,Africa,Sub-Saharan Africa,
IRL,Ireland,Europe,Northern Europe,Europe & Central Asia
IRN,Iran (Islamic Republic of),Asia,Southern Asia,"Middle East, North Africa, Afghanistan & Pakistan"
IRQ,Iraq,Asia,Western Asia,"Middle East, North Africa, Afghanistan & Pakistan"
ISL,Iceland,Europe,Northern Europe,Europe & Central Asia
ISR,Israel,Asia,Western Asia,"Middle East, North Africa, Afghanistan & Pakistan"
ITA,Italy,Europe,Southern Europe,Europe & Central Asia
JAM,Jamaica,Americas,Latin America and the Caribbean,Latin America & Caribbean 
JEY,Jersey,Europe,Northern Europe,
JOR,Jordan,Asia,Western Asia,"Middle East, North Africa, Afghanistan & Pakistan"
JPN,Japan,Asia,Eastern Asia,East Asia & Pacific
KAZ,Kazakhstan,Asia,Central Asia,Europe & Central Asia
KEN,Kenya,Africa,Sub-Saharan Africa,Sub-Saharan Africa 
KGZ,Kyrgyzstan,Asia,Central Asia,Europe & Central Asia
KHM,Cambodia,Asia,South-eastern Asia,East Asia & Pacific
KIR,Kiribati,Oceania,Micronesia,East Asia & Pacific
KNA,Saint Kitts and Nevis,Americas,Latin America and the Caribbean,Latin America & Caribbean 
KOR,Republic of Korea,Asia,Eastern Asia,East Asia & Pacific
KWT,Kuwait,Asia,Western Asia,"Middle East, North Africa, Afghanistan & Pakistan"
LAO,Lao People's Democratic Republic,Asia,South-eastern Asia,East Asia & Pacific
LBN,Lebanon,Asia,Western Asia,"Middle East, North Africa, Afghanistan & Pakistan"
LBR,Liberia,Africa,Sub-Saharan Africa,Sub-Saharan Africa 
LBY,Libya,Africa,Northern Africa,"Middle East, North Africa, Afghanistan & Pakistan"
LCA,Saint Lucia,Americas,Latin America and the Caribbean,Latin America & Caribbean 
LIE,Liechtenstein,Europe,Western Europe,Europe & Central Asia
LKA,Sri Lanka,Asia,Southern Asia,South Asia
LSO,Lesotho,Africa,Sub-Saharan Africa,Sub-Saharan Africa 
LTU,Lithuania,Europe,Northern Europe,Europe & Central Asia
LUX,Luxembourg,Europe,Western Europe,Europe & Central Asia
LVA,Latvia,Europe,Northern Europe,Europe & Central Asia
MAC,"China, Macao Special Administrative Region",Asia,Eastern Asia,East Asia & Pacific
MAF,Saint Martin (French Part),Americas,Latin America and the Caribbean,Latin America & Caribbean 
MAR,Morocco,Africa,Northern Africa,"Middle East, North Africa, Afghanistan & Pakistan"
MCO,Monaco,Europe,Western Europe,Europe & Central Asia
MDA,Republic of Moldova,Europe,Eastern Europe,Europe & Central Asia
MDG,Madagascar,Africa,Sub-Saharan Africa,Sub-Saharan Africa 
MDV,Maldives,Asia,Southern Asia,South Asia
MEX,Mexico,Americas,Latin America and the Caribbean,Latin America & Caribbean 
MHL,Marshall Islands,Oceania,Micronesia,East Asia & Pacific
MKD,North Macedonia,Europe,Southern Europe,Europe & Central Asia
MLI,Mali,Africa,Sub-Saharan Africa,Sub-Saharan Africa 
MLT,Malta,Europe,Southern Europe,"Middle East, North Africa, Afghanistan & Pakistan"
MMR,Myanmar,Asia,South-eastern Asia,East Asia & Pacific
MNE,Montenegro,Europe,Southern Europe,Europe & Central Asia
MNG,Mongolia,Asia,Eastern Asia,East Asia & Pacific
MNP,Northern Mariana Islands,Oceania,Micronesia,East Asia & Pacific
MOZ,Mozambique,Africa,Sub-Saharan Africa,Sub-Saharan Africa 
MRT,Mauritania,Africa,Sub-Saharan Africa,Sub-Saharan Africa 
MSR,Montserrat,Americas,Latin America and the Caribbean,
MTQ,Martinique,Americas,Latin America and the Caribbean,
MUS,Mauritius,Africa,Sub-Saharan Africa,Sub-Saharan Africa 
MWI,Malawi,Africa,Sub-Saharan Africa,Sub-Saharan Africa 
MYS,Malaysia,Asia,South-eastern Asia,East Asia & Pacific
MYT,Mayotte,Africa,Sub-Saharan Africa,
NAM,Namibia,Africa,Sub-Saharan Africa,Sub-Saharan Africa 
NCL,New Caledonia,Oceania,Melanesia,East Asia & Pacific
NER,Niger,Africa,Sub-Saharan Africa,Sub-Saharan Africa 
NFK,Norfolk Island,Oceania,Australia and New Zealand,
NGA,Nigeria,Africa,Sub-Saharan Africa,Sub-Saharan Africa 
NIC,Nicaragua,Americas,Latin America and the Caribbean,Latin America & Caribbean 
NIU,Niue,Oceania,Polynesia,
NLD,Netherlands,Europe,Western Europe,Europe & Central Asia
NOR,Norway,Europe,Northern Europe,Europe & Central Asia
NPL,Nepal,Asia,Southern Asia,South Asia
NRU,Nauru,Oceania,Micronesia,East Asia & Pacific
NZL,New Zealand,Oceania,Australia and New Zealand,East Asia & Pacific
OMN,Oman,Asia,Western Asia,"Middle East, North Africa, Afghanistan & Pakistan"
PAK,Pakistan,Asia,Southern Asia,"Middle East, North Africa, Afghanistan & Pakistan"
PAN,Panama,Americas,Latin America and the Caribbean,Latin America & Caribbean 
PCN,Pitcairn,Oceania,Polynesia,
PER,Peru,Americas,Latin America and the Caribbean,Latin America & Caribbean 
PHL,Philippines,Asia,South-eastern Asia,East Asia & Pacific
PLW,Palau,Oceania,Micronesia,East Asia & Pacific
PNG,Papua New Guinea,Oceania,Melanesia,East Asia & Pacific
POL,Poland,Europe,Eastern Europe,Europe & Central Asia
PRI,Puerto Rico,Americas,Latin America and the Caribbean,Latin America & Caribbean 
PRK,Democratic People's Republic of Korea,Asia,Eastern Asia,East Asia & Pacific
PRT,Portugal,Europe,Southern Europe,Europe & Central Asia
PRY,Paraguay,Americas,Latin America and the Caribbean,Latin America & Caribbean 
PSE,State of Palestine,Asia,Western Asia,"Middle East, North Africa, Afghanistan & Pakistan"
PYF,French Polynesia,Oceania,Polynesia,East Asia & Pacific
QAT,Qatar,Asia,Western Asia,"Middle East, North Africa, Afghanistan & Pakistan"
REU,Réunion,Africa,Sub-Saharan Africa,
ROU,Romania,Europe,Eastern Europe,Europe & Central Asia
RUS,Russian Federation,Europe,Eastern Europe,Europe & Central Asia
RWA,Rwanda,Africa,Sub-Saharan Africa,Sub-Saharan Africa 
SAU,Saudi Arabia,Asia,Western Asia,"Middle East, North Africa, Afghanistan & Pakistan"
SDN,Sudan,Africa,Northern Africa,Sub-Saharan Africa 
SEN,Senegal,Africa,Sub-Saharan Africa,Sub-Saharan Africa 
SGP,Singapore,Asia,South-eastern Asia,East Asia & Pacific
SGS,South Georgia and the South Sandwich Islands,Americas,Latin America and the Caribbean,
SHN,Saint Helena,Africa,Sub-Saharan Africa,
SJM,Svalbard and Jan Mayen Islands,Europe,Northern Europe,
SLB,Solomon Islands,Oceania,Melanesia,East Asia & Pacific
SLE,Sierra Leone,Africa,Sub-Saharan Africa,Sub-Saharan Africa 
SLV,El Salvador,Americas,Latin America and the Caribbean,Latin America & Caribbean 
SMR,San Marino,Europe,Southern Europe,Europe & Central Asia
SOM,Somalia,Africa,Sub-Saharan Africa,Sub-Saharan Africa 
SPM,Saint Pierre and Miquelon,Americas,Northern America,
SRB,Serbia,Europe,Southern Europe,Europe & Central Asia
SSD,South Sudan,Africa,Sub-Saharan Africa,Sub-Saharan Africa 
STP,Sao Tome and Principe,Africa,Sub-Saharan Africa,Sub-Saharan Africa 
SUR,Suriname,Americas,Latin America and the Caribbean,Latin America & Caribbean 
SVK,Slovakia,Europe,Eastern Europe,Europe & Central Asia
SVN,Slovenia,Europe,Southern Europe,Europe & Central Asia
SWE,Sweden,Europe,Northern Europe,Europe & Central Asia
SWZ,Eswatini,Africa,Sub-Saharan Africa,Sub-Saharan Africa 
SXM,Sint Maarten (Dutch part),Americas,Latin America and the Caribbean,Latin America & Caribbean 
SYC,Seychelles,Africa,Sub-Saharan Africa,Sub-Saharan Africa 
SYR,Syrian Arab Republic,Asia,Western Asia,"Middle East, North Africa, Afghanistan & Pakistan"
TCA,Turks and Caicos Islands,Americas,Latin America and the Caribbean,Latin America & Caribbean 
TCD,Chad,Africa,Sub-Saharan Africa,Sub-Saharan Africa 
TGO,Togo,Africa,Sub-Saharan Africa,Sub-Saharan Africa 
THA,Thailand,Asia,South-eastern Asia,East Asia & Pacific
TJK,Tajikistan,Asia,Central Asia,Europe & Central Asia
TKL,Tokelau,Oceania,Polynesia,
TKM,Turkmenistan,Asia,Central Asia,Europe & Central Asia
TLS,Timor-Leste,Asia,South-eastern Asia,East Asia & Pacific
TON,Tonga,Oceania,Polynesia,East Asia & Pacific
TTO,Trinidad and Tobago,Americas,Latin America and the Caribbean,Latin America & Caribbean 
TUN,Tunisia,Africa,Northern Africa,"Middle East, North Africa, Afghanistan & Pakistan"
TUR,Türkiye,Asia,Western Asia,Europe & Central Asia
TUV,Tuvalu,Oceania,Polynesia,East Asia & Pacific
TZA,United Republic of Tanzania,Africa,Sub-Saharan Africa,Sub-Saharan Africa 
UGA,Uganda,Africa,Sub-Saharan Africa,Sub-Saharan Africa 
UKR,Ukraine,Europe,Eastern Europe,Europe & Central Asia
UMI,United States Minor Outlying Islands,Oceania,Micronesia,
URY,Uruguay,Americas,Latin America and the Caribbean,Latin America & Caribbean 
USA,United States of America,Americas,Northern America,North America
UZB,Uzbekistan,Asia,Central Asia,Europe & Central Asia
VAT,Holy See,Europe,Southern Europe,
VCT,Saint Vincent and the Grenadines,Americas,Latin America and the Caribbean,Latin America & Caribbean 
VEN,Venezuela (Bolivarian Republic of),Americas,Latin America and the Caribbean,Latin America & Caribbean 
VGB,British Virgin Islands,Americas,Latin America and the Caribbean,Latin America & Caribbean 
VIR,United States Virgin Islands,Americas,Latin America and the Caribbean,Latin America & Caribbean 
VNM,Viet Nam,Asia,South-eastern Asia,East Asia & Pacific
VUT,Vanuatu,Oceania,Melanesia,East Asia & Pacific
WLF,Wallis and Futuna Islands,Oceania,Polynesia,
WSM,Samoa,Oceania,Polynesia,East Asia & Pacific
XKX,Kosovo,,,Europe & Central Asia
YEM,Yemen,Asia,Western Asia,"Middle East, North Africa, Afghanistan & Pakistan"
ZAF,South Africa,Africa,Sub-Saharan Africa,Sub-Saharan Africa 
ZMB,Zambia,Africa,Sub-Saharan Africa,Sub-Saharan Africa 
ZWE,Zimbabwe,Africa,Sub-Saharan Africa,Sub-Saharan Africa 
