ISO3,Country,M49_Region,M49_Subregion,WB_Region,U,Penetration_Year,Broadband_per100,Broadband_Year,HiTech_Pct,HiTech_Year,I_pen,I_bb,I_ht,EGDI,OSI,TII,p,F_egov,I_egov,I_health,I_education,I_income
ZMB,Zambia,Africa,Sub-Saharan Africa,Sub-Saharan Africa ,16.4507,2023,0.6814,2023,1.1636,2023,0.1645,0.0132,0.0182,0.5424,0.4958,0.5088,0.1645,0.8355,0.0130,0.6431,0.5489,0.5215
KEN,Kenya,Africa,Sub-Saharan Africa,Sub-Saharan Africa ,32.0704,2023,2.3888,2023,3.0417,2023,0.3207,0.0462,0.0475,0.6314,0.7770,0.5902,0.3207,0.6793,0.1868,0.6470,0.5724,0.5850
PAK,Pakistan,Asia,Southern Asia,"Middle East, North Africa, Afghanistan & Pakistan",18.9350,2020,1.3562,2023,1.9028,2023,0.1893,0.0262,0.0297,0.5096,0.7042,0.4745,0.1893,0.8106,0.2297,0.7143,0.3667,0.6018
RWA,Rwanda,Africa,Sub-Saharan Africa,Sub-Saharan Africa ,28.8058,2023,0.4456,2023,4.7847,2022,0.2881,0.0086,0.0748,0.5799,0.8207,0.3724,0.2881,0.7119,0.4483,0.7251,0.4788,0.4747
UGA,Uganda,Africa,Sub-Saharan Africa,Sub-Saharan Africa ,9.2870,2023,0.0913,2023,1.4081,2023,0.0929,0.0018,0.0220,0.4464,0.6069,0.2299,0.0929,0.9071,0.3770,0.6714,0.5272,0.4697
CIV,Côte d'Ivoire,Africa,Sub-Saharan Africa,Sub-Saharan Africa ,40.6528,2023,1.3634,2023,4.4131,2023,0.4065,0.0264,0.0690,0.5587,0.5219,0.6693,0.4065,0.5935,0.1474,0.5987,0.4218,0.6019
LKA,Sri Lanka,Asia,Southern Asia,South Asia,51.2000,2023,8.7655,2023,1.4172,2023,0.5120,0.1694,0.0222,0.6667,0.5494,0.7936,0.5120,0.4880,0.2442,0.8709,0.7539,0.7219
NPL,Nepal,Asia,Southern Asia,South Asia,45.8068,2023,10.6751,2023,0.6175,2022,0.4581,0.2063,0.0097,0.5781,0.4481,0.7653,0.4581,0.5419,0.3172,0.7767,0.5008,0.5582
TZA,United Republic of Tanzania,Africa,Sub-Saharan Africa,Sub-Saharan Africa ,28.4319,2023,0.1050,2023,5.0681,2023,0.2843,0.0020,0.0792,0.4327,0.4791,0.3792,0.2843,0.7157,0.0999,0.7197,0.4265,0.4909
BEN,Benin,Africa,Sub-Saharan Africa,Sub-Saharan Africa ,32.3940,2023,0.1709,2023,4.4180,2023,0.3239,0.0033,0.0691,0.4578,0.5202,0.4817,0.3239,0.6761,0.0385,0.6147,0.3908,0.5329
MWI,Malawi,Africa,Sub-Saharan Africa,Sub-Saharan Africa ,17.9881,2023,0.0796,2023,5.3106,2023,0.1799,0.0015,0.0830,0.3753,0.4625,0.1886,0.1799,0.8201,0.2739,0.6600,0.4944,0.4021
NGA,Nigeria,Africa,Sub-Saharan Africa,Sub-Saharan Africa ,40.0640,2023,0.0513,2023,3.5304,2023,0.4006,0.0010,0.0552,0.4815,0.5372,0.4836,0.4006,0.5994,0.0536,0.5174,0.5449,0.5833
ZWE,Zimbabwe,Africa,Sub-Saharan Africa,Sub-Saharan Africa ,38.6748,2023,1.5746,2023,1.9422,2023,0.3867,0.0304,0.0304,0.4481,0.4100,0.3947,0.3867,0.6133,0.0153,0.6060,0.5999,0.4584
MMR,Myanmar,Asia,South-eastern Asia,East Asia & Pacific,45.4477,2020,2.7983,2023,2.9463,2023,0.4545,0.0541,0.0461,0.5001,0.3259,0.6662,0.4545,0.5455,0.3403,0.7270,0.5523,0.5586
IND,India,Asia,Southern Asia,South Asia,60.2523,2023,2.7453,2023,14.9343,2023,0.6025,0.0531,0.2334,0.6678,0.8184,0.5700,0.6025,0.3975,0.2484,0.7345,0.5686,0.6407
MDG,Madagascar,Africa,Sub-Saharan Africa,Sub-Saharan Africa ,18.2408,2023,0.1245,2023,0.4781,2023,0.1824,0.0024,0.0075,0.3235,0.4045,0.1518,0.1824,0.8176,0.2527,0.6958,0.4090,0.4054
TLS,Timor-Leste,Asia,South-eastern Asia,East Asia & Pacific,35.0420,2021,0.0058,2023,1.5261,2023,0.3504,0.0001,0.0239,0.4020,0.3406,0.3551,0.3504,0.6496,0.0145,0.7547,0.5685,0.4215
AGO,Angola,Africa,Sub-Saharan Africa,Sub-Saharan Africa ,37.8859,2023,0.3737,2023,23.4714,2023,0.3789,0.0072,0.3669,0.4149,0.3962,0.3724,0.3789,0.6211,0.0238,0.6451,0.5328,0.6005
BWA,Botswana,Africa,Sub-Saharan Africa,Sub-Saharan Africa ,57.9000,2022,6.1650,2023,0.5395,2023,0.5790,0.1192,0.0084,0.6118,0.3985,0.8650,0.5790,0.4210,0.4665,0.7064,0.6647,0.7553
TJK,Tajikistan,Asia,Central Asia,Europe & Central Asia,54.4155,2023,0.9839,2023,15.2078,2023,0.5442,0.0190,0.2377,0.5606,0.4476,0.5810,0.5442,0.4558,0.1334,0.7890,0.6780,0.5850
PNG,Papua New Guinea,Oceania,Melanesia,East Asia & Pacific,18.5613,2023,0.2281,2023,10.2481,2023,0.1856,0.0044,0.1602,0.3076,0.3392,0.1851,0.1856,0.8144,0.1541,0.7070,0.4735,0.5459
GTM,Guatemala,Americas,Latin America and the Caribbean,Latin America & Caribbean ,56.7267,2023,5.0808,2023,5.7766,2023,0.5673,0.0982,0.0903,0.5738,0.6538,0.5843,0.5673,0.4327,0.0695,0.7488,0.4880,0.6797
CMR,Cameroon,Africa,Sub-Saharan Africa,Sub-Saharan Africa ,42.2438,2023,2.1286,2022,2.1036,2023,0.4224,0.0411,0.0329,0.4294,0.3989,0.3700,0.4224,0.5776,0.0289,0.6301,0.5896,0.5447
ETH,Ethiopia,Africa,Sub-Saharan Africa,Sub-Saharan Africa ,20.3375,2023,0.5348,2023,3.7506,2023,0.2034,0.0103,0.0586,0.3111,0.3420,0.2659,0.2034,0.7966,0.0761,0.7022,0.3558,0.4781
IDN,Indonesia,Asia,South-eastern Asia,East Asia & Pacific,69.2084,2023,4.8166,2023,9.0831,2023,0.6921,0.0931,0.1420,0.7991,0.8035,0.8645,0.6921,0.3079,0.0610,0.7423,0.6734,0.7238
TGO,Togo,Africa,Sub-Saharan Africa,Sub-Saharan Africa ,37.5702,2023,1.2282,2023,0.5736,2023,0.3757,0.0237,0.0090,0.3920,0.4472,0.2474,0.3757,0.6243,0.1998,0.6398,0.5464,0.4679
SWZ,Eswatini,Africa,Sub-Saharan Africa,Sub-Saharan Africa ,61.3333,2023,2.7637,2023,0.2853,2023,0.6133,0.0534,0.0045,0.6081,0.4557,0.7851,0.6133,0.3867,0.3294,0.5594,0.6056,0.6692
BDI,Burundi,Africa,Sub-Saharan Africa,Sub-Saharan Africa ,7.1723,2023,0.0203,2023,1.3051,2023,0.0717,0.0004,0.0204,0.2481,0.3146,0.0331,0.0717,0.9283,0.2815,0.6458,0.3870,0.2965
PAN,Panama,Americas,Latin America and the Caribbean,Latin America & Caribbean ,68.5485,2023,18.1341,2023,1.0005,2023,0.6855,0.3505,0.0156,0.7298,0.6505,0.8523,0.6855,0.3145,0.2018,0.8742,0.7233,0.8715
MOZ,Mozambique,Africa,Sub-Saharan Africa,Sub-Saharan Africa ,19.9456,2023,0.1490,2023,2.7424,2023,0.1995,0.0029,0.0429,0.2848,0.3959,0.0632,0.1995,0.8005,0.3327,0.6096,0.4266,0.3778
SLV,El Salvador,Americas,Latin America and the Caribbean,Latin America & Caribbean ,62.6199,2023,11.6272,2023,6.4040,2023,0.6262,0.2247,0.1001,0.5988,0.5090,0.7526,0.6262,0.3738,0.2436,0.7919,0.5692,0.6778
COD,Democratic Republic of the Congo,Africa,Sub-Saharan Africa,Sub-Saharan Africa ,18.9679,2023,0.0220,2023,0.1996,2023,0.1897,0.0004,0.0031,0.2715,0.2067,0.1591,0.1897,0.8103,0.0476,0.6114,0.5063,0.3595
TUN,Tunisia,Africa,Northern Africa,"Middle East, North Africa, Afghanistan & Pakistan",68.3155,2021,14.0830,2023,7.7011,2023,0.6832,0.2722,0.1204,0.6935,0.5951,0.8357,0.6832,0.3168,0.2406,0.8348,0.6712,0.7001
NAM,Namibia,Africa,Sub-Saharan Africa,Sub-Saharan Africa ,63.6955,2023,3.5201,2023,0.0810,2023,0.6370,0.0680,0.0013,0.6007,0.4996,0.7288,0.6370,0.3630,0.2292,0.5855,0.5681,0.6830
BFA,Burkina Faso,Africa,Sub-Saharan Africa,Sub-Saharan Africa ,25.3612,2023,0.4595,2023,3.7978,2023,0.2536,0.0089,0.0594,0.2895,0.3376,0.3640,0.2536,0.7464,0.0264,0.6118,0.3021,0.4553
ECU,Ecuador,Americas,Latin America and the Caribbean,Latin America & Caribbean ,72.6943,2023,16.0679,2023,7.2742,2023,0.7269,0.3106,0.1137,0.7800,0.8851,0.6834,0.7269,0.2731,0.2017,0.8907,0.7119,0.7058
NIC,Nicaragua,Americas,Latin America and the Caribbean,Latin America & Caribbean ,60.3012,2023,5.4303,2023,0.8047,2023,0.6030,0.1050,0.0126,0.5318,0.4493,0.5851,0.6030,0.3970,0.1358,0.8402,0.5915,0.6033
SEN,Senegal,Africa,Sub-Saharan Africa,Sub-Saharan Africa ,59.1874,2023,1.9739,2023,1.6047,2023,0.5919,0.0382,0.0251,0.5163,0.4779,0.7329,0.5919,0.4081,0.2550,0.7371,0.3503,0.5355
LSO,Lesotho,Africa,Sub-Saharan Africa,Sub-Saharan Africa ,48.9859,2023,0.3837,2023,0.0743,2023,0.4899,0.0074,0.0012,0.4123,0.2864,0.4643,0.4899,0.5101,0.1779,0.5082,0.5590,0.4983
BRB,Barbados,Americas,Latin America and the Caribbean,Latin America & Caribbean ,69.6751,2023,37.4843,2022,18.4336,2023,0.6968,0.7245,0.2881,0.6815,0.4976,0.7624,0.6968,0.3032,0.2648,0.8878,0.7889,0.7550
HND,Honduras,Americas,Latin America and the Caribbean,Latin America & Caribbean ,58.0686,2023,4.3621,2023,3.3089,2023,0.5807,0.0843,0.0517,0.4856,0.4587,0.4799,0.5807,0.4193,0.0212,0.7804,0.5199,0.5989
GRD,Grenada,Americas,Latin America and the Caribbean,Latin America & Caribbean ,69.4131,2023,29.7674,2022,3.0078,2023,0.6941,0.5753,0.0470,0.6458,0.5056,0.6767,0.6941,0.3059,0.1711,0.8513,0.7892,0.7420
COG,Congo,Africa,Sub-Saharan Africa,Sub-Saharan Africa ,43.1504,2023,1.2680,2023,3.1597,2023,0.4315,0.0245,0.0494,0.3391,0.2760,0.2776,0.4315,0.5685,0.0016,0.6624,0.6199,0.5088
MLI,Mali,Africa,Sub-Saharan Africa,Sub-Saharan Africa ,36.0388,2023,0.7742,2022,5.3607,2023,0.3604,0.0150,0.0838,0.3005,0.3334,0.4432,0.3604,0.6396,0.1098,0.6064,0.2497,0.4558
MRT,Mauritania,Africa,Sub-Saharan Africa,Sub-Saharan Africa ,44.9563,2023,0.5904,2023,2.3506,2023,0.4496,0.0114,0.0367,0.3491,0.1688,0.5824,0.4496,0.5504,0.4136,0.6876,0.3821,0.6010
ZAF,South Africa,Africa,Sub-Saharan Africa,Sub-Saharan Africa ,78.3367,2023,3.4057,2023,4.9555,2023,0.7834,0.0658,0.0775,0.8616,0.8872,0.8951,0.7834,0.2166,0.0079,0.6382,0.7831,0.7374
GHA,Ghana,Africa,Sub-Saharan Africa,Sub-Saharan Africa ,70.6743,2023,0.5555,2023,2.1100,2023,0.7067,0.0107,0.0330,0.6317,0.6084,0.7281,0.7067,0.2933,0.1197,0.6761,0.5363,0.6020
TON,Tonga,Oceania,Polynesia,East Asia & Pacific,64.1314,2023,8.1739,2022,28.4603,2023,0.6413,0.1580,0.4448,0.5164,0.3220,0.4784,0.6413,0.3587,0.1564,0.7888,0.8151,0.6273
NER,Niger,Africa,Sub-Saharan Africa,Sub-Saharan Africa ,12.9808,2023,0.1076,2023,8.9668,2023,0.1298,0.0021,0.1402,0.2116,0.3084,0.1578,0.1298,0.8702,0.1506,0.6474,0.2443,0.3855
GAB,Gabon,Africa,Sub-Saharan Africa,Sub-Saharan Africa ,68.1979,2023,3.9729,2023,1.7731,2023,0.6820,0.0768,0.0277,0.5741,0.3188,0.8263,0.6820,0.3180,0.5075,0.7030,0.6637,0.7127
MDA,Republic of Moldova,Europe,Eastern Europe,Europe & Central Asia,76.5033,2023,27.3086,2023,2.6171,2023,0.7650,0.5278,0.0409,0.7720,0.7264,0.8118,0.7650,0.2350,0.0854,0.7480,0.8085,0.7348
KHM,Cambodia,Asia,South-eastern Asia,East Asia & Pacific,68.9255,2023,3.6418,2023,12.9853,2023,0.6893,0.0704,0.2030,0.5754,0.4503,0.7609,0.6893,0.3107,0.3106,0.7676,0.4944,0.5678
STP,Sao Tome and Principe,Africa,Sub-Saharan Africa,Sub-Saharan Africa ,58.7013,2023,2.5014,2023,29.2734,2023,0.5870,0.0483,0.4576,0.4308,0.2156,0.4839,0.5870,0.4130,0.2683,0.7507,0.5490,0.5593
COL,Colombia,Americas,Latin America and the Caribbean,Latin America & Caribbean ,77.3369,2023,17.0370,2023,8.5999,2023,0.7734,0.3293,0.1344,0.7793,0.7521,0.8065,0.7734,0.2266,0.0544,0.8255,0.6965,0.7570
COM,Comoros,Africa,Sub-Saharan Africa,Sub-Saharan Africa ,31.9275,2023,0.3879,2023,3.1391,2023,0.3193,0.0075,0.0491,0.2586,0.0230,0.3537,0.3193,0.6807,0.3307,0.6720,0.5691,0.5264
FJI,Fiji,Oceania,Melanesia,East Asia & Pacific,74.1161,2023,1.8295,2023,1.6468,2023,0.7412,0.0354,0.0257,0.6754,0.5343,0.7507,0.7412,0.2588,0.2164,0.7433,0.7304,0.7132
EGY,Egypt,Africa,Northern Africa,"Middle East, North Africa, Afghanistan & Pakistan",74.0119,2023,10.8642,2023,3.1629,2023,0.7401,0.2100,0.0494,0.6699,0.7002,0.6946,0.7401,0.2599,0.0056,0.7717,0.6869,0.7277
LBR,Liberia,Africa,Sub-Saharan Africa,Sub-Saharan Africa ,31.2241,2023,0.2747,2022,0.6437,2023,0.3122,0.0053,0.0101,0.2513,0.2634,0.1238,0.3122,0.6878,0.1396,0.6323,0.4680,0.3909
LCA,Saint Lucia,Americas,Latin America and the Caribbean,Latin America & Caribbean ,67.4439,2023,13.5719,2022,9.3322,2020,0.6744,0.2623,0.1459,0.5255,0.3229,0.6498,0.6744,0.3256,0.3269,0.7891,0.6390,0.7546
VNM,Viet Nam,Asia,South-eastern Asia,East Asia & Pacific,78.0800,2023,22.6807,2023,44.2569,2023,0.7808,0.4384,0.6918,0.7709,0.7081,0.8780,0.7808,0.2192,0.1699,0.8397,0.6444,0.7075
PHL,Philippines,Asia,South-eastern Asia,East Asia & Pacific,77.8670,2023,6.5393,2023,63.9779,2023,0.7787,0.1264,1.0000,0.7621,0.8054,0.7554,0.7787,0.2213,0.0500,0.8029,0.6541,0.6807
ARM,Armenia,Asia,Western Asia,Europe & Central Asia,79.9966,2023,18.5458,2023,20.9052,2023,0.8000,0.3584,0.3268,0.8422,0.7922,0.8782,0.8000,0.2000,0.0860,0.8211,0.7778,0.7607
PER,Peru,Americas,Latin America and the Caribbean,Latin America & Caribbean ,79.4848,2023,10.4364,2023,5.0157,2023,0.7948,0.2017,0.0784,0.8070,0.8377,0.8364,0.7948,0.2052,0.0013,0.8213,0.7451,0.7221
UKR,Ukraine,Europe,Eastern Europe,Europe & Central Asia,81.5806,2023,21.3774,2023,6.6881,2023,0.8158,0.4132,0.1045,0.8841,0.9854,0.8428,0.8158,0.1842,0.1426,0.7471,0.7410,0.7156
BGR,Bulgaria,Europe,Eastern Europe,Europe & Central Asia,80.3896,2023,37.0236,2023,12.0579,2023,0.8039,0.7156,0.1885,0.8145,0.7727,0.9171,0.8039,0.1961,0.1444,0.7927,0.7657,0.8395
PRY,Paraguay,Americas,Latin America and the Caribbean,Latin America & Caribbean ,78.0948,2023,12.8836,2023,9.9657,2023,0.7809,0.2490,0.1558,0.7251,0.6712,0.7947,0.7809,0.2191,0.1235,0.7765,0.6818,0.7371
CPV,Cabo Verde,Africa,Sub-Saharan Africa,Sub-Saharan Africa ,74.5992,2023,7.2301,2023,1.1522,2023,0.7460,0.1397,0.0180,0.6238,0.6892,0.6128,0.7460,0.2540,0.0764,0.8419,0.5233,0.6542
LAO,Lao People's Democratic Republic,Asia,South-eastern Asia,East Asia & Pacific,64.3980,2023,2.7202,2023,7.4196,2023,0.6440,0.0526,0.1160,0.4404,0.3265,0.5338,0.6440,0.3560,0.2073,0.7538,0.4812,0.6570
MUS,Mauritius,Africa,Sub-Saharan Africa,Sub-Saharan Africa ,79.5000,2023,26.9082,2023,1.0145,2023,0.7950,0.5201,0.0159,0.7506,0.5903,0.9159,0.7950,0.2050,0.3256,0.8304,0.7389,0.8231
BOL,Bolivia,Americas,Latin America and the Caribbean,Latin America & Caribbean ,77.3004,2023,11.1529,2023,8.1652,2023,0.7730,0.2156,0.1276,0.6651,0.5987,0.7089,0.7730,0.2270,0.1102,0.6912,0.7449,0.6617
CUB,Cuba,Americas,Latin America and the Caribbean,Latin America & Caribbean ,69.5558,2023,2.9712,2023,7.8756,2022,0.6956,0.0574,0.1231,0.4921,0.2298,0.5318,0.6956,0.3044,0.3020,0.8947,0.7535,0.6610
HRV,Croatia,Europe,Southern Europe,Europe & Central Asia,83.2412,2023,28.4710,2023,11.0336,2023,0.8324,0.5503,0.1725,0.8818,0.8735,0.9180,0.8324,0.1676,0.0445,0.9113,0.8435,0.8819
MEX,Mexico,Americas,Latin America and the Caribbean,Latin America & Caribbean ,81.1832,2023,20.7529,2023,17.9939,2023,0.8118,0.4011,0.2813,0.7850,0.7637,0.8310,0.8118,0.1882,0.0673,0.8436,0.7103,0.7937
VCT,Saint Vincent and the Grenadines,Americas,Latin America and the Caribbean,Latin America & Caribbean ,75.5368,2023,30.4936,2023,4.9344,2023,0.7554,0.5894,0.0771,0.5876,0.3906,0.6768,0.7554,0.2446,0.2862,0.7534,0.8180,0.7470
GEO,Georgia (Country),Asia,Western Asia,Europe & Central Asia,81.8843,2023,29.3086,2023,2.2930,2023,0.8188,0.5665,0.0358,0.7792,0.5652,0.9071,0.8188,0.1812,0.3419,0.7936,0.8880,0.7662
JPN,Japan,Asia,Eastern Asia,East Asia & Pacific,85.0099,2023,38.6312,2023,17.1028,2023,0.8501,0.7466,0.2673,0.9351,0.9427,0.9509,0.8501,0.1499,0.0082,0.9972,0.8516,0.9182
MNG,Mongolia,Asia,Eastern Asia,East Asia & Pacific,83.7432,2023,14.5529,2023,22.5366,2023,0.8374,0.2813,0.3523,0.8457,0.8222,0.9374,0.8374,0.1626,0.1152,0.8103,0.7174,0.7008
ALB,Albania,Europe,Southern Europe,Europe & Central Asia,83.1356,2023,22.5049,2023,0.6823,2023,0.8314,0.4350,0.0107,0.8000,0.8144,0.7750,0.8314,0.1686,0.0394,0.8744,0.7398,0.7598
BRA,Brazil,Americas,Latin America and the Caribbean,Latin America & Caribbean ,84.1506,2023,22.4192,2023,9.8491,2023,0.8415,0.4333,0.1539,0.8403,0.9063,0.8069,0.8415,0.1585,0.0994,0.8219,0.7087,0.7530
GMB,Gambia,Africa,Sub-Saharan Africa,Sub-Saharan Africa ,48.7283,2023,0.5021,2023,2.3423,2023,0.4873,0.0097,0.0366,0.2552,0.0955,0.3877,0.4873,0.5127,0.2922,0.6601,0.3998,0.4591
GRC,Greece,Europe,Southern Europe,Europe & Central Asia,85.0102,2023,43.8540,2023,15.1515,2023,0.8501,0.8476,0.2368,0.8674,0.8145,0.8657,0.8501,0.1499,0.0512,0.9325,0.8803,0.8684
TTO,Trinidad and Tobago,Americas,Latin America and the Caribbean,Latin America & Caribbean ,81.9681,2023,26.8942,2023,0.2232,2023,0.8197,0.5198,0.0035,0.6973,0.5999,0.7745,0.8197,0.1803,0.1746,0.8417,0.7830,0.8180
TUR,Türkiye,Asia,Western Asia,Europe & Central Asia,85.9607,2023,22.4592,2023,4.5183,2023,0.8596,0.4341,0.0706,0.8913,0.9225,0.8322,0.8596,0.1404,0.0903,0.8996,0.7937,0.8752
PRT,Portugal,Europe,Southern Europe,Europe & Central Asia,85.7901,2023,44.1107,2023,6.7108,2023,0.8579,0.8525,0.1049,0.8415,0.7878,0.8979,0.8579,0.1421,0.1101,0.9575,0.7865,0.8862
POL,Poland,Europe,Eastern Europe,Europe & Central Asia,86.4147,2023,24.5262,2023,12.1223,2023,0.8641,0.4740,0.1895,0.8648,0.8037,0.9603,0.8641,0.1359,0.1566,0.8769,0.8815,0.8855
CRI,Costa Rica,Americas,Latin America and the Caribbean,Latin America & Caribbean ,85.3951,2023,22.5231,2023,24.1778,2023,0.8540,0.4353,0.3779,0.8009,0.7217,0.8933,0.8540,0.1460,0.1716,0.8818,0.7405,0.8022
ISR,Israel,Asia,Western Asia,"Middle East, North Africa, Afghanistan & Pakistan",87.0384,2023,29.4357,2023,34.9378,2023,0.8704,0.5689,0.5461,0.9014,0.8541,0.9763,0.8704,0.1296,0.1222,0.9631,0.8656,0.9180
CZE,Czech Republic,Europe,Eastern Europe,Europe & Central Asia,85.9940,2023,37.9100,2023,20.3027,2023,0.8599,0.7327,0.3173,0.8239,0.7006,0.9204,0.8599,0.1401,0.2198,0.8943,0.8846,0.9048
FRA,France,Europe,Western Europe,Europe & Central Asia,86.8364,2023,48.6688,2023,22.3835,2023,0.8684,0.9406,0.3499,0.8744,0.8440,0.9228,0.8684,0.1316,0.0788,0.9728,0.8337,0.9306
GUY,Guyana,Americas,Latin America and the Caribbean,Latin America & Caribbean ,79.3553,2023,12.9356,2022,15.7139,2023,0.7936,0.2500,0.2456,0.5443,0.3455,0.6942,0.7936,0.2064,0.3487,0.7075,0.6493,0.8882
ITA,Italy,Europe,Southern Europe,Europe & Central Asia,87.0278,2023,31.8411,2023,9.9837,2023,0.8703,0.6154,0.1560,0.8356,0.7624,0.9017,0.8703,0.1297,0.1393,0.9855,0.8207,0.9204
IRN,Iran (Islamic Republic of),Asia,Southern Asia,"Middle East, North Africa, Afghanistan & Pakistan",83.7105,2023,12.0206,2023,0.8140,2022,0.8371,0.2323,0.0127,0.6564,0.3773,0.8987,0.8371,0.1629,0.5214,0.8393,0.7503,0.7546
BIH,Bosnia and Herzegovina,Europe,Southern Europe,Europe & Central Asia,83.3772,2023,28.4401,2023,4.9671,2023,0.8338,0.5497,0.0776,0.6329,0.5003,0.7763,0.8338,0.1662,0.2760,0.8507,0.7200,0.7719
LTU,Lithuania,Europe,Northern Europe,Europe & Central Asia,88.5029,2023,27.9638,2023,14.4029,2023,0.8850,0.5405,0.2251,0.9110,0.8839,0.9631,0.8850,0.1150,0.0792,0.8353,0.9055,0.8978
MDV,Maldives,Asia,Southern Asia,South Asia,84.5529,2023,18.6293,2023,0.1895,2023,0.8455,0.3601,0.0030,0.6745,0.6220,0.7886,0.8455,0.1545,0.1666,0.9360,0.5970,0.7914
DJI,Djibouti,Africa,Sub-Saharan Africa,"Middle East, North Africa, Afghanistan & Pakistan",64.7587,2023,1.4721,2023,3.2755,2023,0.6476,0.0285,0.0512,0.2911,0.2092,0.3840,0.6476,0.3524,0.1748,0.6594,0.3527,0.5871
SVK,Slovakia,Europe,Eastern Europe,Europe & Central Asia,87.2131,2023,33.1726,2023,9.7185,2023,0.8721,0.6411,0.1519,0.8021,0.7097,0.8985,0.8721,0.1279,0.1888,0.8512,0.8425,0.8721
DMA,Dominica,Americas,Latin America and the Caribbean,Latin America & Caribbean ,81.3365,2023,20.8601,2022,2.8833,2023,0.8134,0.4032,0.0451,0.5445,0.3798,0.6757,0.8134,0.1866,0.2959,0.8151,0.6826,0.7290
LBN,Lebanon,Asia,Western Asia,"Middle East, North Africa, Afghanistan & Pakistan",81.7059,2023,7.2917,2022,4.3024,2023,0.8171,0.1409,0.0672,0.5449,0.4489,0.6425,0.8171,0.1829,0.1936,0.8372,0.6215,0.7271
DOM,Dominican Republic,Americas,Latin America and the Caribbean,Latin America & Caribbean ,86.1269,2023,11.1346,2023,6.0309,2023,0.8613,0.2152,0.0943,0.7013,0.6405,0.7444,0.8613,0.1387,0.1039,0.8334,0.6816,0.7898
SYC,Seychelles,Africa,Sub-Saharan Africa,Sub-Saharan Africa ,86.0013,2023,30.7719,2023,0.0384,2023,0.8600,0.5947,0.0006,0.6773,0.4638,0.8913,0.8600,0.1400,0.4275,0.7960,0.7592,0.8532
ARG,Argentina,Americas,Latin America and the Caribbean,Latin America & Caribbean ,89.2290,2023,25.3581,2023,5.4496,2023,0.8923,0.4901,0.0852,0.8573,0.7965,0.8425,0.8923,0.1077,0.0460,0.8625,0.8715,0.8151
UZB,Uzbekistan,Asia,Central Asia,Europe & Central Asia,89.0136,2023,30.2699,2023,2.8224,2023,0.8901,0.5850,0.0441,0.7999,0.7648,0.8769,0.8901,0.1099,0.1121,0.7950,0.7302,0.6630
THA,Thailand,Asia,South-eastern Asia,East Asia & Pacific,89.5353,2023,14.5089,2023,26.0506,2023,0.8954,0.2804,0.4072,0.8351,0.7611,0.9410,0.8954,0.1046,0.1799,0.9182,0.7273,0.7748
SVN,Slovenia,Europe,Southern Europe,Europe & Central Asia,90.3779,2023,31.8815,2023,8.2035,2023,0.9038,0.6162,0.1282,0.8759,0.8640,0.9107,0.9038,0.0962,0.0467,0.9559,0.9129,0.9109
AZE,Azerbaijan,Asia,Western Asia,Europe & Central Asia,89.0000,2023,20.8825,2023,4.1722,2023,0.8900,0.4036,0.0652,0.7607,0.7386,0.8203,0.8900,0.1100,0.0817,0.8229,0.7049,0.7571
MNE,Montenegro,Europe,Southern Europe,Europe & Central Asia,88.5516,2023,32.0155,2023,7.9952,2023,0.8855,0.6188,0.1250,0.7211,0.5214,0.9229,0.8855,0.1145,0.4015,0.8745,0.8396,0.8182
ROU,Romania,Europe,Eastern Europe,Europe & Central Asia,89.2034,2023,34.6706,2023,12.6747,2023,0.8920,0.6701,0.1981,0.7636,0.6548,0.8922,0.8920,0.1080,0.2374,0.8326,0.7817,0.8696
CHN,China,Asia,Eastern Asia,East Asia & Pacific,90.6000,2023,44.7289,2023,26.5682,2023,0.9060,0.8645,0.4153,0.8718,0.9258,0.8995,0.9060,0.0940,0.0263,0.9013,0.6930,0.7846
URY,Uruguay,Americas,Latin America and the Caribbean,Latin America & Caribbean ,90.9259,2023,32.4032,2023,10.7072,2023,0.9093,0.6263,0.1674,0.9006,0.8832,0.9437,0.9093,0.0907,0.0605,0.8923,0.7839,0.8162
CAF,Central African Republic,Africa,Sub-Saharan Africa,Sub-Saharan Africa ,13.8417,2023,0.0161,2022,1.8786,2023,0.1384,0.0003,0.0294,0.0947,0.1128,0.0000,0.1384,0.8616,0.1128,0.5304,0.3342,0.3266
MKD,North Macedonia,Europe,Southern Europe,Europe & Central Asia,88.5000,2023,29.1772,2023,5.2297,2023,0.8850,0.5639,0.0817,0.7070,0.6642,0.7546,0.8850,0.1150,0.0904,0.8290,0.7022,0.7703
SUR,Suriname,Americas,Latin America and the Caribbean,Latin America & Caribbean ,87.4000,2023,17.5374,2023,3.2127,2023,0.8740,0.3390,0.0502,0.6366,0.4814,0.8714,0.8740,0.1260,0.3900,0.7737,0.5840,0.7270
CYP,Cyprus,Asia,Western Asia,Europe & Central Asia,91.2211,2023,36.9006,2023,18.7420,2023,0.9122,0.7132,0.2929,0.8619,0.8217,0.8941,0.9122,0.0878,0.0724,0.9521,0.8659,0.9056
DEU,Germany,Europe,Western Europe,Europe & Central Asia,92.4764,2023,45.3805,2023,17.7818,2023,0.9248,0.8771,0.2779,0.9382,0.9238,0.9236,0.9248,0.0752,0.0002,0.9383,0.9570,0.9541
MLT,Malta,Europe,Southern Europe,"Middle East, North Africa, Afghanistan & Pakistan",92.0727,2023,44.2825,2023,43.2693,2023,0.9207,0.8559,0.6763,0.8886,0.8749,0.9747,0.9207,0.0793,0.0998,0.9801,0.8476,0.9210
JAM,Jamaica,Americas,Latin America and the Caribbean,Latin America & Caribbean ,89.4730,2023,15.7852,2023,2.6470,2023,0.8947,0.3051,0.0414,0.6678,0.5677,0.7296,0.8947,0.1053,0.1619,0.7789,0.6544,0.6910
LVA,Latvia,Europe,Northern Europe,Europe & Central Asia,92.1879,2023,25.9948,2023,18.5544,2023,0.9219,0.5024,0.2900,0.8852,0.8092,0.9660,0.9219,0.0781,0.1568,0.8604,0.9043,0.8717
HUN,Hungary,Europe,Eastern Europe,Europe & Central Asia,91.4501,2023,36.7902,2023,18.8625,2023,0.9145,0.7111,0.2948,0.8043,0.7144,0.8282,0.9145,0.0855,0.1138,0.8455,0.8270,0.8814
EST,Estonia,Europe,Northern Europe,Europe & Central Asia,93.1834,2023,35.2540,2023,16.5812,2023,0.9318,0.6814,0.2592,0.9727,0.9954,0.9731,0.9318,0.0682,0.0223,0.9101,0.8945,0.8939
RUS,Russian Federation,Europe,Eastern Europe,Europe & Central Asia,92.2450,2023,25.8239,2023,9.7298,2021,0.9224,0.4991,0.1521,0.8533,0.7766,0.9512,0.9224,0.0776,0.1746,0.7710,0.8488,0.8456
KGZ,Kyrgyzstan,Asia,Central Asia,Europe & Central Asia,91.0444,2023,6.4465,2023,16.3335,2023,0.9104,0.1246,0.2553,0.7316,0.6072,0.8815,0.9104,0.0896,0.2743,0.7767,0.7597,0.5842
BTN,Bhutan,Asia,Southern Asia,South Asia,90.0214,2023,1.3188,2023,0.0107,2023,0.9002,0.0255,0.0002,0.6511,0.5886,0.8170,0.9002,0.0998,0.2284,0.8035,0.5574,0.7048
KAZ,Kazakhstan,Asia,Central Asia,Europe & Central Asia,92.8785,2023,14.3457,2023,34.4293,2023,0.9288,0.2773,0.5381,0.9009,0.9390,0.9235,0.9288,0.0712,0.0155,0.7614,0.8260,0.8187
BLR,Belarus,Europe,Eastern Europe,Europe & Central Asia,91.5125,2023,35.0932,2023,6.0158,2021,0.9151,0.6783,0.0940,0.7445,0.5760,0.9156,0.9151,0.0849,0.3396,0.8192,0.7964,0.7880
FIN,Finland,Europe,Northern Europe,Europe & Central Asia,93.5139,2023,35.3318,2023,9.7140,2023,0.9351,0.6829,0.1518,0.9575,0.9097,0.9791,0.9351,0.0649,0.0694,0.9592,0.9310,0.9373
NZL,New Zealand,Oceania,Australia and New Zealand,East Asia & Pacific,93.3261,2023,37.8531,2023,12.6495,2023,0.9333,0.7316,0.1977,0.9265,0.9453,0.8728,0.9333,0.0667,0.0725,0.9693,0.9315,0.9183
MAR,Morocco,Africa,Northern Africa,"Middle East, North Africa, Afghanistan & Pakistan",91.0000,2023,7.0218,2023,5.4307,2023,0.9100,0.1357,0.0849,0.6841,0.5618,0.8827,0.9100,0.0900,0.3209,0.8457,0.6071,0.6611
USA,United States of America,Americas,Northern America,North America,93.5256,2023,38.0939,2023,21.8460,2023,0.9353,0.7363,0.3415,0.9195,0.9136,0.9605,0.9353,0.0647,0.0469,0.8954,0.9084,0.9797
SGP,Singapore,Asia,South-eastern Asia,East Asia & Pacific,94.2852,2023,27.4344,2023,56.1384,2023,0.9429,0.5302,0.8775,0.9691,0.9831,0.9881,0.9429,0.0571,0.0050,0.9867,0.8670,1.0000
KIR,Kiribati,Oceania,Micronesia,East Asia & Pacific,88.0000,2023,0.0400,2023,2.2969,2021,0.8800,0.0008,0.0359,0.4572,0.3904,0.3544,0.8800,0.1200,0.0360,0.7332,0.6321,0.5345
BHS,Bahamas,Americas,Latin America and the Caribbean,Latin America & Caribbean ,92.3873,2023,23.8163,2023,0.0138,2023,0.9239,0.4603,0.0002,0.7143,0.5402,0.8652,0.9239,0.0761,0.3250,0.8363,0.7547,0.8738
JOR,Jordan,Asia,Western Asia,"Middle East, North Africa, Afghanistan & Pakistan",92.5344,2023,7.0375,2023,2.0842,2023,0.9253,0.1360,0.0326,0.6849,0.7591,0.6499,0.9253,0.0747,0.1092,0.8341,0.6990,0.6846
CAN,Canada,Americas,Northern America,North America,94.1453,2023,42.5242,2023,16.3718,2023,0.9415,0.8219,0.2559,0.8452,0.8552,0.8078,0.9415,0.0585,0.0474,0.9669,0.9056,0.9340
CHL,Chile,Americas,Latin America and the Caribbean,Latin America & Caribbean ,94.4574,2023,22.9954,2023,10.7196,2023,0.9446,0.4444,0.1676,0.8827,0.8612,0.9455,0.9446,0.0554,0.0843,0.9157,0.8362,0.8306
BEL,Belgium,Europe,Western Europe,Europe & Central Asia,94.6263,2023,43.7026,2023,18.6668,2023,0.9463,0.8447,0.2918,0.8121,0.7224,0.8698,0.9463,0.0537,0.1474,0.9584,0.9176,0.9494
GBR,United Kingdom of Great Britain and Northern Ireland,Europe,Northern Europe,Europe & Central Asia,95.4472,2023,41.4368,2023,28.8917,2023,0.9545,0.8009,0.4516,0.9577,0.9535,0.9747,0.9545,0.0455,0.0212,0.9562,0.9367,0.9282
AUT,Austria,Europe,Western Europe,Europe & Central Asia,95.3347,2023,29.3725,2023,15.9233,2023,0.9533,0.5677,0.2489,0.9065,0.8383,0.9810,0.9533,0.0467,0.1427,0.9602,0.8648,0.9573
ESP,Spain,Europe,Southern Europe,Europe & Central Asia,95.4456,2023,37.2148,2023,9.5625,2023,0.9545,0.7193,0.1495,0.9206,0.9054,0.9603,0.9545,0.0455,0.0549,0.9833,0.8482,0.9052
OMN,Oman,Asia,Western Asia,"Middle East, North Africa, Afghanistan & Pakistan",95.2517,2023,10.8793,2023,5.0054,2023,0.9525,0.2103,0.0782,0.8576,0.8077,0.9674,0.9525,0.0475,0.1597,0.8298,0.7565,0.8758
SWE,Sweden,Europe,Northern Europe,Europe & Central Asia,95.7033,2023,40.7340,2023,17.6239,2023,0.9570,0.7873,0.2755,0.9326,0.8836,0.9868,0.9570,0.0430,0.1032,0.9770,0.9225,0.9585
AND,Andorra,Europe,Southern Europe,Europe & Central Asia,94.2150,2023,51.7401,2023,21.4346,2023,0.9421,1.0000,0.3350,0.6893,0.4780,0.9231,0.9421,0.0579,0.4451,0.9777,0.7422,0.9510
AUS,Australia,Oceania,Australia and New Zealand,East Asia & Pacific,96.1161,2023,36.6274,2023,25.2583,2023,0.9612,0.7079,0.3948,0.9577,0.9222,0.9509,0.9612,0.0388,0.0287,0.9781,0.9242,0.9365
IRL,Ireland,Europe,Northern Europe,Europe & Central Asia,96.8661,2023,31.8908,2023,47.7738,2023,0.9687,0.6164,0.7467,0.9138,0.8768,0.9599,0.9687,0.0313,0.0831,0.9649,0.8886,1.0000
NLD,Netherlands,Europe,Western Europe,Europe & Central Asia,97.0068,2023,43.2644,2023,24.5106,2023,0.9701,0.8362,0.3831,0.9538,0.9212,0.9715,0.9701,0.0299,0.0503,0.9608,0.9194,0.9593
KOR,Republic of Korea,Asia,Eastern Asia,East Asia & Pacific,97.4160,2023,46.5676,2023,30.2763,2023,0.9742,0.9000,0.4732,0.9679,1.0000,0.9917,0.9742,0.0258,0.0083,0.9850,0.8791,0.9262
CHE,Switzerland,Europe,Western Europe,Europe & Central Asia,97.3444,2023,46.8365,2023,29.3340,2023,0.9734,0.9052,0.4585,0.9004,0.8408,0.9576,0.9734,0.0266,0.1168,0.9885,0.9241,0.9883
ISL,Iceland,Europe,Northern Europe,Europe & Central Asia,97.9486,2023,37.4246,2023,43.4245,2023,0.9795,0.7233,0.6787,0.9671,0.9076,0.9983,0.9795,0.0205,0.0907,0.9664,0.9589,0.9523
MYS,Malaysia,Asia,South-eastern Asia,East Asia & Pacific,97.6927,2023,13.0287,2023,59.4155,2023,0.9769,0.2518,0.9287,0.8111,0.7280,0.9862,0.9769,0.0231,0.2582,0.8655,0.7175,0.8473
QAT,Qatar,Asia,Western Asia,"Middle East, North Africa, Afghanistan & Pakistan",98.1523,2023,11.6411,2023,2.7800,2023,0.9815,0.2250,0.0435,0.8244,0.7655,0.9963,0.9815,0.0185,0.2308,0.9471,0.7062,1.0000
DNK,Denmark,Europe,Northern Europe,Europe & Central Asia,98.7756,2023,44.0352,2023,17.1322,2023,0.9878,0.8511,0.2678,0.9847,0.9992,0.9966,0.9878,0.0122,0.0026,0.9520,0.9320,0.9713
NOR,Norway,Europe,Northern Europe,Europe & Central Asia,99.0000,2023,45.4377,2023,25.6746,2023,0.9900,0.8782,0.4013,0.9315,0.9117,0.9654,0.9900,0.0100,0.0537,0.9753,0.9354,0.9878
BRN,Brunei Darussalam,Asia,South-eastern Asia,East Asia & Pacific,98.9704,2023,20.2120,2023,1.0193,2023,0.9897,0.3906,0.0159,0.7554,0.5802,0.9868,0.9897,0.0103,0.4066,0.8392,0.6879,0.9644
LUX,Luxembourg,Europe,Western Europe,Europe & Central Asia,99.3479,2023,38.3793,2023,5.9793,2023,0.9935,0.7418,0.0935,0.8466,0.7555,0.9888,0.9935,0.0065,0.2333,0.9629,0.8264,1.0000
KWT,Kuwait,Asia,Western Asia,"Middle East, North Africa, Afghanistan & Pakistan",99.7473,2023,1.0137,2023,1.7850,2023,0.9975,0.0196,0.0279,0.7812,0.6366,0.9988,0.9975,0.0025,0.3622,0.9271,0.6839,0.9578
BHR,Bahrain,Asia,Western Asia,"Middle East, North Africa, Afghanistan & Pakistan",100.0000,2023,17.1582,2023,0.3873,2023,1.0000,0.3316,0.0061,0.9196,0.9031,0.9877,1.0000,0.0000,0.0846,0.9115,0.8210,0.9349
SAU,Saudi Arabia,Asia,Western Asia,"Middle East, North Africa, Afghanistan & Pakistan",100.0000,2023,43.5732,2023,0.5906,2023,1.0000,0.8422,0.0092,0.9602,0.9900,0.9841,1.0000,0.0000,0.0059,0.8908,0.7985,0.9406
ARE,United Arab Emirates,Asia,Western Asia,"Middle East, North Africa, Afghanistan & Pakistan",100.0000,2023,37.0968,2023,8.9603,2023,1.0000,0.7170,0.1401,0.9533,0.9163,1.0000,1.0000,0.0000,0.0837,0.9107,0.9038,0.9982
