ISO3,Country,EGDI,OSI,TII,HCI,Penetration_Pct,Year_Used,p,T_adj_EGDI,Phi_EGDI,T_adj_OSI,Phi_OSI,R_facade,I_egov,Signed_Div
ZMB,Zambia,0.5424,0.4958,0.5088,0.6225,16.45070076,2023,0.1645070076,0.08922860092224,0.45317139907776,0.08156257436808001,0.41423742563192,6.078768403784399,0.013000000000000012,-0.013000000000000012
KEN,Kenya,0.6314,0.777,0.5902,0.5271,32.07040024,2023,0.32070400239999997,0.20249250711535996,0.42890749288464,0.24918700986479997,0.5278129901352,3.1181400684633305,0.18680000000000008,0.18680000000000008
PAK,Pakistan,0.5096,0.7042,0.4745,0.35,18.935,2020,0.18935,0.09649276000000001,0.41310724000000004,0.13334027,0.57085973,5.281225244256667,0.22970000000000007,0.22970000000000007
RWA,Rwanda,0.5799,0.8207,0.3724,0.5467,28.80579948,2023,0.2880579948,0.16704483118452,0.41285516881548,0.23640919633236,0.5842908036676401,3.471523158710817,0.4483,0.4483
UGA,Uganda,0.4464,0.6069,0.2299,0.5023,9.286999702,2023,0.09286999702,0.041457166669728,0.40494283333027203,0.056362801191438,0.550537198808562,10.767740196918982,0.377,0.377
BGD,Bangladesh,0.657,0.7374,0.6501,0.5834,44.50274195,2023,0.4450274195,0.2923830146115,0.3646169853885,0.3281632191393,0.40923678086070003,2.247052554926899,0.08730000000000004,0.08730000000000004
CIV,Côte d'Ivoire,0.5587,0.5219,0.6693,0.4848,40.65284979,2023,0.40652849789999995,0.22712747177672996,0.33157252822327005,0.21216722305400998,0.30973277694599005,2.4598521509948004,0.14739999999999998,-0.14739999999999998
LKA,Sri Lanka,0.6667,0.5494,0.7936,0.657,51.2,2023,0.512,0.3413504,0.32534959999999996,0.2812928,0.2681072,1.953125,0.24419999999999997,-0.24419999999999997
NPL,Nepal,0.5781,0.4481,0.7653,0.521,45.80680084,2023,0.4580680084,0.26480911565604,0.31329088434396,0.20526027456404,0.24283972543596002,2.183081947794021,0.3172,-0.3172
TZA,United Republic of Tanzania,0.4327,0.4791,0.3792,0.4399,28.43190002,2023,0.2843190002,0.12302483138654,0.30967516861346,0.13621723299582,0.34288276700418,3.5171761271549378,0.09990000000000004,0.09990000000000004
BEN,Benin,0.4578,0.5202,0.4817,0.3715,32.39400101,2023,0.32394001009999995,0.14829973662378,0.30950026337622,0.16851359325401996,0.35168640674598,3.086991321915749,0.03849999999999998,0.03849999999999998
MWI,Malawi,0.3753,0.4625,0.1886,0.4749,17.98810346,2023,0.17988103460000002,0.06750935228538,0.30779064771462,0.08319497850250002,0.3793050214975,5.559229755508644,0.27390000000000003,0.27390000000000003
NGA,Nigeria,0.4815,0.5372,0.4836,0.4236,40.06399918,2023,0.40063999180000004,0.1929081560517,0.28859184394829995,0.21522380359496002,0.32197619640503994,2.4960064408627516,0.053600000000000037,0.053600000000000037
ZWE,Zimbabwe,0.4481,0.41,0.3947,0.5395,38.67480087,2023,0.3867480087,0.17330178269847,0.27479821730153003,0.158566683567,0.25143331643300004,2.5856629575453067,0.01529999999999998,0.01529999999999998
MMR,Myanmar,0.5001,0.3259,0.6662,0.5081,45.4477005,2020,0.45447700500000004,0.22728395020050002,0.2728160497995,0.14811405592950003,0.17778594407050002,2.200331345697017,0.3403,-0.3403
GIN,Guinea,0.4006,0.4808,0.4323,0.2887,32.31560135,2023,0.3231560135,0.12945629900810002,0.2711437009919,0.1553734112908,0.3254265887092,3.0944805549781296,0.04849999999999999,0.04849999999999999
IND,India,0.6678,0.8184,0.57,0.6149,60.25230026,2023,0.6025230026,0.40236486113628,0.26543513886371994,0.49310482532784,0.32529517467216,1.6596876728105185,0.24840000000000007,0.24840000000000007
MDG,Madagascar,0.3235,0.4045,0.1518,0.4141,18.24080086,2023,0.1824080086,0.0590089907821,0.26449100921790003,0.0737840394787,0.33071596052130003,5.482215433823885,0.25270000000000004,0.25270000000000004
SLB,Solomon Islands,0.3681,0.497,0.1811,0.4262,28.67239952,2023,0.28672399519999997,0.10554310263311999,0.26255689736688,0.14250182561439997,0.3544981743856,3.487674616498229,0.31589999999999996,0.31589999999999996
TLS,Timor-Leste,0.402,0.3406,0.3551,0.5104,35.04199982,2021,0.3504199982,0.1408688392764,0.2611311607236,0.11935305138692001,0.22124694861308,2.85371840972745,0.014500000000000013,-0.014500000000000013
AGO,Angola,0.4149,0.3962,0.3724,0.476,37.88589859,2023,0.37885898589999994,0.15718859324990997,0.25771140675009,0.15010393021357998,0.24609606978641999,2.6395045048870784,0.023799999999999988,0.023799999999999988
BWA,Botswana,0.6118,0.3985,0.865,0.5719,57.9,2022,0.579,0.3542322,0.2575678,0.2307315,0.16776850000000001,1.7271157167530227,0.46649999999999997,-0.46649999999999997
TJK,Tajikistan,0.5606,0.4476,0.581,0.6531,54.41550064,2023,0.5441550064,0.30505329658784003,0.25554670341215996,0.24356378086464,0.20403621913536,1.837711659800324,0.13339999999999996,-0.13339999999999996
PNG,Papua New Guinea,0.3076,0.3392,0.1851,0.3984,18.56130028,2023,0.1856130028,0.05709455966128,0.25050544033871996,0.06295993054976,0.27624006945024,5.387553592231416,0.15410000000000001,0.15410000000000001
GTM,Guatemala,0.5738,0.6538,0.5843,0.4834,56.72669983,2023,0.5672669983,0.32549780362454,0.24830219637545997,0.37087916348854005,0.28292083651146,1.7628383159902217,0.0695,0.0695
CMR,Cameroon,0.4294,0.3989,0.37,0.5193,42.24380112,2023,0.4224380112,0.18139488200928,0.24800511799072,0.16851052266768,0.23038947733232,2.3672112203145415,0.02889999999999998,0.02889999999999998
ETH,Ethiopia,0.3111,0.342,0.2659,0.3254,20.33749962,2023,0.2033749962,0.06326996131781999,0.24783003868217998,0.0695542487004,0.2724457512996,4.9170252916272705,0.0761,0.0761
IDN,Indonesia,0.7991,0.8035,0.8645,0.7293,69.20836554,2023,0.6920836554,0.55304404903014,0.24605595096985997,0.5560892171139,0.24741078288609997,1.444912030789161,0.061000000000000054,-0.061000000000000054
TGO,Togo,0.392,0.4472,0.2474,0.4813,37.57020187,2023,0.3757020187,0.14727519133039998,0.24472480866960003,0.16801394276263998,0.27918605723736,2.6616838617481724,0.19979999999999998,0.19979999999999998
SWZ,Eswatini,0.6081,0.4557,0.7851,0.5836,61.33330154,2023,0.6133330154,0.37296780666473994,0.23513219333526,0.27949585511777997,0.17620414488222003,1.6304356277769032,0.3294,-0.3294
SLE,Sierra Leone,0.3042,0.3823,0.2585,0.2719,23.71360016,2023,0.23713600159999998,0.07213677168672,0.23206322831328005,0.09065709341167999,0.29164290658832,4.216989378469811,0.12379999999999997,0.12379999999999997
BDI,Burundi,0.2481,0.3146,0.0331,0.3966,7.172299862,2023,0.07172299862,0.017794475957622,0.230305524042378,0.022564055365852,0.292035944634148,13.942529164155015,0.2815,0.2815
PAN,Panama,0.7298,0.6505,0.8523,0.6866,68.54851592,2023,0.6854851592,0.50026706918416,0.22953293081584003,0.44590809605959997,0.2045919039404,1.4588207878447095,0.20179999999999998,-0.20179999999999998
MOZ,Mozambique,0.2848,0.3959,0.0632,0.3952,19.94560051,2023,0.19945600509999997,0.056805070252479994,0.22799492974752,0.07896463241908998,0.31693536758091,5.013636964696232,0.3327,0.3327
SLV,El Salvador,0.5988,0.509,0.7526,0.5348,62.61989975,2023,0.6261989975,0.37496795970299995,0.22383204029700002,0.3187352897275,0.19026471027250003,1.5969364435145077,0.24360000000000004,-0.24360000000000004
COD,Democratic Republic of the Congo,0.2715,0.2067,0.1591,0.4487,18.96789932,2023,0.1896789932,0.05149784665380001,0.22000215334620002,0.03920664789444,0.16749335210556,5.2720650986669195,0.0476,0.0476
GNB,Guinea-Bissau,0.3083,0.127,0.4902,0.3077,28.71240044,2023,0.2871240044,0.08852033055652002,0.21977966944347999,0.036464748558800004,0.09053525144119999,3.4828157335353738,0.3632,-0.3632
TUN,Tunisia,0.6935,0.5951,0.8357,0.6497,68.31552226,2021,0.6831552226,0.4737681468731,0.21973185312690005,0.4065456729692599,0.18855432703074002,1.4637961724044648,0.24060000000000004,-0.24060000000000004
NAM,Namibia,0.6007,0.4996,0.7288,0.5738,63.69549942,2023,0.6369549942,0.38261886501594,0.21808113498406,0.31822271510232,0.18137728489767999,1.5699696353836987,0.22920000000000001,-0.22920000000000001
BFA,Burkina Faso,0.2895,0.3376,0.364,0.1668,25.36120033,2023,0.2536120033,0.07342067495535,0.21607932504465,0.08561941231408,0.25198058768592,3.9430310355503586,0.02639999999999998,-0.02639999999999998
ECU,Ecuador,0.78,0.8851,0.6834,0.7715,72.6943146,2023,0.726943146,0.56701565388,0.21298434612000003,0.6434173785246,0.2416826214754,1.375623397101264,0.2017,0.2017
NIC,Nicaragua,0.5318,0.4493,0.5851,0.561,60.30120087,2023,0.6030120087,0.32068178622666005,0.21111821377334,0.27093329550891,0.17836670449108996,1.6583417669506189,0.13579999999999998,-0.13579999999999998
SEN,Senegal,0.5163,0.4779,0.7329,0.338,59.18740082,2023,0.5918740082,0.30558455043366,0.21071544956633997,0.28285658851878,0.19504341148121998,1.6895487656928672,0.255,-0.255
LSO,Lesotho,0.4123,0.2864,0.4643,0.4862,48.98590088,2023,0.48985900880000005,0.20196886932824,0.21033113067175996,0.14029562012032,0.14610437987967997,2.0414037142027546,0.1779,-0.1779
BRB,Barbados,0.6815,0.4976,0.7624,0.7845,69.67510223,2023,0.6967510223,0.47483582169745,0.20666417830255002,0.34670330869648,0.15089669130352001,1.4352329139022493,0.2648,-0.2648
HND,Honduras,0.4856,0.4587,0.4799,0.5182,58.0685997,2023,0.580685997,0.2819811201432,0.2036188798568,0.2663606668239,0.1923393331761,1.7221011100083408,0.021199999999999997,-0.021199999999999997
GRD,Grenada,0.6458,0.5056,0.6767,0.755,69.4131012,2023,0.694131012,0.44826980754960005,0.1975301924504,0.3509526396672001,0.1546473603328,1.4406502269920192,0.17109999999999992,-0.17109999999999992
FSM,Micronesia (Federated States of),0.3235,0.2621,0.135,0.5735,39.39889908,2023,0.3939889908,0.1274554385238,0.1960445614762,0.10326451448868,0.15883548551131998,2.5381419870882342,0.1271,0.1271
COG,Congo,0.3391,0.276,0.2776,0.4638,43.15039825,2023,0.4315039825,0.14632300046575,0.19277699953425,0.11909509917000001,0.15690490083000003,2.3174757141436118,0.0015999999999999903,-0.0015999999999999903
MLI,Mali,0.3005,0.3334,0.4432,0.125,36.03879929,2023,0.3603879929,0.10829659186644999,0.19220340813355,0.12015335683285999,0.21324664316713998,2.7747872284898203,0.10980000000000001,-0.10980000000000001
MRT,Mauritania,0.3491,0.1688,0.5824,0.2962,44.95629883,2023,0.4495629883,0.15694243921553003,0.19215756078447,0.07588623242504,0.09291376757495999,2.224382402522614,0.4136,-0.4136
ZAF,South Africa,0.8616,0.8872,0.8951,0.8026,78.33670044,2023,0.7833670044000001,0.6749490109910401,0.18665098900895996,0.6950032063036801,0.19219679369631995,1.276540873413381,0.007900000000000018,-0.007900000000000018
GHA,Ghana,0.6317,0.6084,0.7281,0.5586,70.67430115,2023,0.7067430115000001,0.4464495603645501,0.18525043963544996,0.4299824481966001,0.17841755180339997,1.4149414762200303,0.11969999999999992,-0.11969999999999992
TON,Tonga,0.5164,0.322,0.4784,0.7488,64.13140106,2023,0.6413140106,0.33117455507384,0.18522544492615997,0.20650311141320002,0.11549688858679999,1.5592985393604932,0.15639999999999998,-0.15639999999999998
NER,Niger,0.2116,0.3084,0.1578,0.1685,12.98079967,2023,0.12980799669999998,0.027467372101719997,0.18413262789828,0.04003278618228,0.26836721381772,7.703685638960332,0.1506,0.1506
GAB,Gabon,0.5741,0.3188,0.8263,0.5772,68.19789886,2023,0.6819789886,0.39152413735526,0.18257586264474004,0.21741490156567997,0.10138509843432,1.4663208349759416,0.5075000000000001,-0.5075000000000001
MDA,Republic of Moldova,0.772,0.7264,0.8118,0.7776,76.50330353,2023,0.7650330353,0.5906055032516,0.1813944967484,0.5557199968419201,0.17068000315808002,1.3071330960340295,0.08539999999999992,-0.08539999999999992
ATG,Antigua and Barbuda,0.6428,0.4166,0.7943,0.7176,72.12409973,2023,0.7212409973,0.46361371306444005,0.17918628693556,0.30046899947518,0.11613100052482,1.3864991088187548,0.3777,-0.3777
KHM,Cambodia,0.5754,0.4503,0.7609,0.5149,68.92549896,2023,0.6892549896,0.39659732101584,0.17880267898416002,0.31037152181688,0.13992847818312001,1.4508418728754315,0.31060000000000004,-0.31060000000000004
STP,Sao Tome and Principe,0.4308,0.2156,0.4839,0.5929,58.70130157,2023,0.5870130157,0.25288520716356,0.17791479283644002,0.12656000618492,0.08903999381508002,1.7035397397577672,0.2683,-0.2683
COL,Colombia,0.7793,0.7521,0.8065,0.7793,77.33686322,2023,0.7733686322,0.60268617507346,0.17661382492654004,0.58165054827762,0.17044945172238002,1.2930444271515154,0.054400000000000004,-0.054400000000000004
COM,Comoros,0.2586,0.023,0.3537,0.3992,31.92749977,2023,0.3192749977,0.08256451440522,0.17603548559478,0.0073433249471,0.0156566750529,3.13209617791503,0.3307,-0.3307
AFG,Afghanistan,0.2083,0.1438,0.2167,0.2643,15.92840004,2023,0.1592840004,0.03317885728332,0.17512114271668,0.02290503925752,0.12089496074248,6.278094456999838,0.07289999999999999,-0.07289999999999999
FJI,Fiji,0.6754,0.5343,0.7507,0.7413,74.1160965,2023,0.741160965,0.5005801157609999,0.17481988423900002,0.39600230359949995,0.13829769640050002,1.3492345755149153,0.21640000000000004,-0.21640000000000004
EGY,Egypt,0.6699,0.7002,0.6946,0.615,74.01190186,2023,0.7401190186,0.49580573056014,0.17409426943986003,0.51823133682372,0.18196866317628005,1.351134040429859,0.005600000000000049,0.005600000000000049
MHL,Marshall Islands,0.4823,0.3586,0.3047,0.7836,64.07589722,2023,0.6407589722,0.30903805229206,0.17326194770794,0.22977616743091997,0.12882383256908,1.5606492353381674,0.05389999999999995,0.05389999999999995
LBR,Liberia,0.2513,0.2634,0.1238,0.3669,31.22410011,2023,0.31224100109999997,0.07846616357643,0.17283383642357003,0.08224427968974,0.18115572031026003,3.2026543486508188,0.13960000000000003,0.13960000000000003
LCA,Saint Lucia,0.5255,0.3229,0.6498,0.6037,67.44390106,2023,0.6744390106,0.3544177000703,0.17108229992969998,0.21777635652274002,0.10512364347726001,1.4827137580763186,0.3269,-0.3269
VNM,Viet Nam,0.7709,0.7081,0.878,0.7267,78.08,2023,0.7807999999999999,0.60191872,0.16898128000000007,0.5528844799999999,0.15521552000000002,1.2807377049180328,0.16990000000000005,-0.16990000000000005
PHL,Philippines,0.7621,0.8054,0.7554,0.7256,77.86699677,2023,0.7786699677,0.59342438238417,0.16867561761583003,0.6271407919855799,0.17825920801442002,1.284241131006702,0.050000000000000044,0.050000000000000044
ARM,Armenia,0.8422,0.7922,0.8782,0.8561,79.99663036,2023,0.7999663036,0.67373162089192,0.16846837910808,0.63373330571192,0.15846669428808002,1.250052652842764,0.08599999999999997,-0.08599999999999997
PER,Peru,0.807,0.8377,0.8364,0.7469,79.48484477,2023,0.7948484477,0.6414426972939,0.16555730270610003,0.66584454463829,0.17185545536171004,1.2581014693978876,0.0012999999999999678,0.0012999999999999678
UKR,Ukraine,0.8841,0.9854,0.8428,0.824,81.58059692,2023,0.8158059692,0.72125405736972,0.16284594263027996,0.8038952020496801,0.18150479795031998,1.2257816659280212,0.14260000000000006,0.14260000000000006
BGR,Bulgaria,0.8145,0.7727,0.9171,0.7538,80.38956462,2023,0.8038956462,0.6547730038299,0.15972699617010003,0.6211701658187401,0.15152983418126004,1.2439425499155041,0.14439999999999997,-0.14439999999999997
PRY,Paraguay,0.7251,0.6712,0.7947,0.7093,78.09481878,2023,0.7809481878,0.56626553097378,0.15883446902622,0.52417242365136,0.14702757634864003,1.28049468021315,0.12349999999999994,-0.12349999999999994
CPV,Cabo Verde,0.6238,0.6892,0.6128,0.5694,74.59919739,2023,0.7459919739,0.46534979331882004,0.15845020668117998,0.51413766841188,0.17506233158811998,1.3404969959288726,0.07640000000000002,0.07640000000000002
TCD,Chad,0.1785,0.2674,0.1195,0.1488,12.03590012,2023,0.12035900120000001,0.0214840817142,0.1570159182858,0.032183996920880004,0.23521600307912002,8.3084770563882,0.14790000000000003,0.14790000000000003
LAO,Lao People's Democratic Republic,0.4404,0.3265,0.5338,0.4608,64.39800262,2023,0.6439800261999999,0.28360880353848,0.15679119646152004,0.2102594785543,0.11624052144570002,1.5528431928251007,0.20730000000000004,-0.20730000000000004
MUS,Mauritius,0.7506,0.5903,0.9159,0.7456,79.5,2023,0.795,0.5967270000000001,0.15387299999999998,0.46928850000000005,0.12101149999999998,1.2578616352201257,0.3256,-0.3256
BOL,Bolivia,0.6651,0.5987,0.7089,0.6877,77.30039978,2023,0.7730039978000001,0.51412495893678,0.15097504106321996,0.46279749348286003,0.13590250651713998,1.2936543702827406,0.11019999999999996,-0.11019999999999996
CUB,Cuba,0.4921,0.2298,0.5318,0.7148,69.55580139,2023,0.6955580138999999,0.34228409864018994,0.14981590135981002,0.15983923159421998,0.06996076840578001,1.4376945991794288,0.30200000000000005,-0.30200000000000005
HRV,Croatia,0.8818,0.8735,0.918,0.8538,83.24117599,2023,0.8324117599,0.73402068987982,0.14777931012017997,0.7271116722726501,0.14638832772734997,1.2013285349550238,0.044499999999999984,-0.044499999999999984
MEX,Mexico,0.785,0.7637,0.831,0.7603,81.18318755,2023,0.8118318755,0.6372880222675,0.1477119777325,0.61999600331935,0.14370399668064998,1.231782133935193,0.06729999999999992,-0.06729999999999992
KNA,Saint Kitts and Nevis,0.6305,0.3039,0.8675,0.7202,76.58950043,2023,0.7658950043,0.48289680021114995,0.14760319978884998,0.23275549180677002,0.07114450819323,1.3056619959467726,0.5636000000000001,-0.5636000000000001
BLZ,Belize,0.4872,0.4055,0.5292,0.527,70.18720245,2023,0.7018720245,0.3419520503364,0.14524794966360002,0.28460910593475003,0.12089089406525003,1.4247611602875618,0.12369999999999998,-0.12369999999999998
VCT,Saint Vincent and the Grenadines,0.5876,0.3906,0.6768,0.6956,75.53679657,2023,0.7553679657000001,0.44385421664532004,0.14374578335467994,0.29504672740242005,0.09555327259757997,1.3238581001688352,0.28619999999999995,-0.28619999999999995
DZA,Algeria,0.5956,0.332,0.8129,0.6418,76.19760132,2023,0.7619760132000001,0.45383291346192006,0.14176708653807996,0.2529760363824,0.07902396361759997,1.3123772699883198,0.48089999999999994,-0.48089999999999994
GEO,Georgia (Country),0.7792,0.5652,0.9071,0.8654,81.88425624,2023,0.8188425624,0.63804212462208,0.14115787537792002,0.46280981626848,0.10239018373152002,1.2212359810279447,0.3419,-0.3419
JPN,Japan,0.9351,0.9427,0.9509,0.9117,85.00990295,2023,0.8500990294999999,0.79492760248545,0.14017239751455007,0.8013883551096499,0.14131164489035006,1.1763335391503351,0.008199999999999985,-0.008199999999999985
MNG,Mongolia,0.8457,0.8222,0.9374,0.7775,83.74320221,2023,0.8374320221000001,0.7082162610899702,0.1374837389100299,0.6885366085706202,0.1336633914293799,1.194126775200611,0.11519999999999997,-0.11519999999999997
ERI,Eritrea,0.1576,0.0,0.1405,0.3324,14.34939957,2020,0.1434939957,0.022614653722319997,0.13498534627768,0.0,0.0,6.968932707753709,0.1405,-0.1405
ALB,Albania,0.8,0.8144,0.775,0.8106,83.13559161,2023,0.8313559161,0.66508473288,0.13491526712,0.67705625807184,0.13734374192815998,1.2028542536764897,0.03939999999999999,0.03939999999999999
BRA,Brazil,0.8403,0.9063,0.8069,0.8077,84.15060238,2023,0.8415060238,0.70711751179914,0.13318248820086004,0.7626569093699399,0.14364309063006006,1.1883456228682556,0.09940000000000004,0.09940000000000004
GMB,Gambia,0.2552,0.0955,0.3877,0.2823,48.72829819,2023,0.48728298189999997,0.12435461698087999,0.13084538301912,0.046535524771449996,0.048964475228550006,2.052195617628238,0.2922,-0.2922
GRC,Greece,0.8674,0.8145,0.8657,0.9219,85.0102229,2023,0.850102229,0.7373786734346,0.1300213265654,0.6924082655204999,0.12209173447950002,1.1763291118249732,0.05120000000000002,-0.05120000000000002
VEN,Venezuela,0.536,0.3576,0.5391,0.7115,76.33190155,2023,0.7633190155,0.40913899230800005,0.12686100769199998,0.2729628799428,0.08463712005719998,1.3100682410551057,0.18150000000000005,-0.18150000000000005
SRB,Serbia,0.8618,0.854,0.9221,0.8094,85.35746686,2023,0.8535746686,0.73561064939948,0.12618935060052003,0.7289527669843999,0.12504723301560003,1.1715436701515067,0.06810000000000005,-0.06810000000000005
TTO,Trinidad and Tobago,0.6973,0.5999,0.7745,0.7174,81.9681015,2023,0.819681015,0.5715635717595,0.1257364282405,0.4917266408985,0.10817335910149999,1.2199867774173103,0.17459999999999998,-0.17459999999999998
TUR,Türkiye,0.8913,0.9225,0.8322,0.9192,85.96074155,2023,0.8596074155,0.7661680894351499,0.12513191056485,0.79298784079875,0.12951215920125003,1.1633217466118986,0.09029999999999994,0.09029999999999994
PRT,Portugal,0.8415,0.7878,0.8979,0.8389,85.79012676,2023,0.8579012676000001,0.7219239166854001,0.11957608331459994,0.67585461861528,0.11194538138471993,1.16563529833395,0.11010000000000009,-0.11010000000000009
POL,Poland,0.8648,0.8037,0.9603,0.8304,86.414744,2023,0.86414744,0.747314706112,0.11748529388800001,0.694515297528,0.109184702472,1.1572099316755484,0.15660000000000007,-0.15660000000000007
CRI,Costa Rica,0.8009,0.7217,0.8933,0.7877,85.39514799,2023,0.8539514799,0.6839297402519099,0.11697025974809001,0.61629678304383,0.10540321695617001,1.1710267193601007,0.17159999999999997,-0.17159999999999997
ISR,Israel,0.9014,0.8541,0.9763,0.8739,87.03842615,2023,0.8703842615,0.7845643733161,0.11683562668389996,0.74339519774715,0.11070480225284997,1.1489178334596988,0.12219999999999998,-0.12219999999999998
CZE,Czech Republic,0.8239,0.7006,0.9204,0.8508,85.99404818,2023,0.8599404817999999,0.70850496295502,0.11539503704498005,0.60247430154908,0.09812569845092005,1.1628711767433393,0.2198,-0.2198
FRA,France,0.8744,0.844,0.9228,0.8565,86.83635789,2023,0.8683635789,0.75929711339016,0.11510288660983996,0.7328988605916,0.11110113940839995,1.1515913659883692,0.07879999999999998,-0.07879999999999998
GUY,Guyana,0.5443,0.3455,0.6942,0.5933,79.3553009,2023,0.793553009,0.4319309027987,0.11236909720129998,0.2741725646095,0.07132743539049999,1.260155262041228,0.34870000000000007,-0.34870000000000007
HTI,Haiti,0.2117,0.1379,0.2087,0.2883,47.99269867,2023,0.4799269867,0.10160054308439,0.11009945691561,0.06618193146593,0.07171806853406999,2.0836502795478244,0.0708,-0.0708
SOM,Somalia,0.1468,0.2971,0.1432,0.0,26.12010002,2023,0.2612010002,0.03834430682936,0.10845569317064001,0.07760281715941998,0.21949718284057998,3.828469260203086,0.15389999999999998,0.15389999999999998
ITA,Italy,0.8356,0.7624,0.9017,0.8426,87.0278292,2023,0.870278292,0.7272045407951999,0.10839545920480004,0.6635001698208,0.09889983017920004,1.1490577315238837,0.13929999999999998,-0.13929999999999998
IRN,Iran (Islamic Republic of),0.6564,0.3773,0.8987,0.6932,83.71050262,2023,0.8371050262,0.54947573919768,0.10692426080231997,0.31583972638526003,0.061460273614739984,1.1945932334673155,0.5214000000000001,-0.5214000000000001
BIH,Bosnia and Herzegovina,0.6329,0.5003,0.7763,0.6222,83.3771539,2023,0.833771539,0.5276940070331,0.1052059929669,0.4171359009617,0.0831640990383,1.1993693154834348,0.276,-0.276
LTU,Lithuania,0.911,0.8839,0.9631,0.8861,88.50287484,2023,0.8850287484,0.8062611897924,0.1047388102076,0.78227691071076,0.10162308928923999,1.129906798855801,0.07919999999999994,-0.07919999999999994
MDV,Maldives,0.6745,0.622,0.7886,0.613,84.55290222,2023,0.8455290222,0.5703093254739,0.10419067452609998,0.5259190518084,0.09608094819159997,1.182691514713568,0.16659999999999997,-0.16659999999999997
GNQ,Equatorial Guinea,0.2855,0.1932,0.2532,0.4102,63.51950073,2023,0.6351950073,0.18134817458414998,0.10415182541585,0.12271967541036001,0.07048032458964,1.574319679007968,0.05999999999999997,-0.05999999999999997
DJI,Djibouti,0.2911,0.2092,0.384,0.28,64.75869751,2023,0.6475869751000001,0.18851256845161005,0.10258743154838999,0.13547519519092002,0.07372480480907999,1.5441941213310852,0.1748,-0.1748
SVK,Slovakia,0.8021,0.7097,0.8985,0.7982,87.2131343,2023,0.872131343,0.6995365502203,0.10256344977970004,0.6189516141271,0.09074838587290003,1.1466162843777077,0.18879999999999997,-0.18879999999999997
DMA,Dominica,0.5445,0.3798,0.6757,0.5781,81.33650208,2023,0.8133650208000001,0.4428772538256,0.10162274617439997,0.30891603489984004,0.07088396510015998,1.2294602969481423,0.29589999999999994,-0.29589999999999994
LBN,Lebanon,0.5449,0.4489,0.6425,0.5433,81.7059021,2023,0.817059021,0.44521546054290007,0.09968453945709999,0.3667777945269,0.08212220547309998,1.2239017920346784,0.19359999999999994,-0.19359999999999994
LBY,Libya,0.5466,0.0808,0.9639,0.5952,82.10469818,2023,0.8210469818,0.44878428025188,0.09781571974811998,0.06634059612944,0.014459403870559998,1.2179570988832784,0.8831,-0.8831
DOM,Dominican Republic,0.7013,0.6405,0.7444,0.7189,86.12689972,2023,0.8612689971999999,0.60400794773636,0.09729205226364004,0.5516427927065999,0.08885720729340003,1.1610774371897943,0.10389999999999999,-0.10389999999999999
SYC,Seychelles,0.6773,0.4638,0.8913,0.6769,86.001297,2023,0.86001297,0.582486784581,0.09481321541900001,0.398874015486,0.064925984514,1.16277316143267,0.4275,-0.4275
ARG,Argentina,0.8573,0.7965,0.8425,0.933,89.22897166,2023,0.8922897166,0.76495997404118,0.09234002595881999,0.7107087592719,0.0857912407281,1.120712232132879,0.04600000000000004,-0.04600000000000004
UZB,Uzbekistan,0.7999,0.7648,0.8769,0.758,89.01361047,2023,0.8901361047,0.71201987014953,0.08788012985046997,0.6807760928745601,0.08402390712543997,1.1234237042177129,0.11209999999999998,-0.11209999999999998
THA,Thailand,0.8351,0.7611,0.941,0.8032,89.53525238,2023,0.8953525238000001,0.74770889262538,0.08739110737461993,0.6814528058641801,0.07964719413581994,1.1168785181459717,0.17989999999999995,-0.17989999999999995
PLW,Palau,0.5072,0.2787,0.491,0.752,82.91629791,2023,0.8291629790999999,0.42055146299951995,0.08664853700048004,0.23108772227517,0.047612277724830024,1.2060355143755117,0.2123,-0.2123
SVN,Slovenia,0.8759,0.864,0.9107,0.853,90.37794678,2023,0.9037794678000001,0.79162043584602,0.08427956415397994,0.7808654601792,0.08313453982079994,1.1064646140216285,0.046699999999999964,-0.046699999999999964
AZE,Azerbaijan,0.7607,0.7386,0.8203,0.7233,89.0,2023,0.89,0.677023,0.083677,0.657354,0.081246,1.1235955056179776,0.0817,-0.0817
IRQ,Iraq,0.4572,0.1876,0.6874,0.4967,81.80889893,2023,0.8180889893,0.37403028590796,0.08316971409204002,0.15347349439268,0.03412650560732001,1.222360908262135,0.4998,-0.4998
MNE,Montenegro,0.7211,0.5214,0.9229,0.719,88.5515976,2023,0.885515976,0.6385455702935999,0.0825544297064,0.4617080298864,0.05969197011360001,1.129285102813323,0.4015000000000001,-0.4015000000000001
ROU,Romania,0.7636,0.6548,0.8922,0.7439,89.20335498,2023,0.8920335498,0.68115681862728,0.08244318137271996,0.5841035684090401,0.07069643159095998,1.1210340689811575,0.23739999999999994,-0.23739999999999994
CHN,China,0.8718,0.9258,0.8995,0.7902,90.6,2023,0.9059999999999999,0.7898508,0.08194920000000007,0.8387747999999999,0.08702520000000007,1.1037527593818985,0.02629999999999999,0.02629999999999999
URY,Uruguay,0.9006,0.8832,0.9437,0.8749,90.92590332,2023,0.9092590332,0.8188786852999199,0.08172131470007998,0.80305757812224,0.08014242187776,1.0997966074427117,0.0605,-0.0605
CAF,Central African Republic,0.0947,0.1128,0.0,0.1713,13.8416996,2023,0.13841699600000001,0.013108089521200001,0.0815919104788,0.015613437148800001,0.09718656285119999,7.224546326666415,0.1128,0.1128
MKD,North Macedonia,0.707,0.6642,0.7546,0.7023,88.5,2023,0.885,0.625695,0.08130499999999999,0.587817,0.07638299999999999,1.1299435028248588,0.09040000000000004,-0.09040000000000004
SUR,Suriname,0.6366,0.4814,0.8714,0.5568,87.4,2023,0.8740000000000001,0.5563884000000001,0.08021159999999994,0.42074360000000005,0.060656399999999944,1.1441647597254003,0.38999999999999996,-0.38999999999999996
CYP,Cyprus,0.8619,0.8217,0.8941,0.8698,91.22110357,2023,0.9122110357,0.78623469166983,0.07566530833017004,0.7495638080346899,0.07213619196531004,1.096237560021003,0.07240000000000002,-0.07240000000000002
NRU,Nauru,0.4454,0.2439,0.5863,0.5061,83.03970337,2023,0.8303970337,0.36985883880998,0.07554116119002002,0.20253383651943,0.04136616348057001,1.2042432227199802,0.34240000000000004,-0.34240000000000004
DEU,Germany,0.9382,0.9238,0.9236,0.9672,92.4763763,2023,0.924763763,0.8676133624466,0.07058663755340004,0.8542967642593999,0.06950323574060004,1.0813572503705469,0.00019999999999997797,0.00019999999999997797
MLT,Malta,0.8886,0.8749,0.9747,0.8162,92.07266941,2023,0.9207266941000001,0.81815774037726,0.07044225962273992,0.8055437846680901,0.06935621533190993,1.0860986288417418,0.0998,-0.0998
JAM,Jamaica,0.6678,0.5677,0.7296,0.706,89.47304282,2023,0.8947304282,0.5975009799519599,0.07029902004803996,0.50793846408914,0.059761535910859975,1.1176550707141804,0.16190000000000004,-0.16190000000000004
LVA,Latvia,0.8852,0.8092,0.966,0.8805,92.18791291,2023,0.9218791290999999,0.8160474050793199,0.06915259492068007,0.74598459126772,0.06321540873228007,1.0847409041316154,0.15679999999999994,-0.15679999999999994
HUN,Hungary,0.8043,0.7144,0.8282,0.8703,91.4500713,2023,0.914500713,0.7355329234659,0.06876707653409998,0.6533193093672001,0.061080690632799986,1.0934928598573985,0.11380000000000001,-0.11380000000000001
EST,Estonia,0.9727,0.9954,0.9731,0.9497,93.18342241,2023,0.9318342241,0.90639514978207,0.06630485021792995,0.9275477866691401,0.06785221333085995,1.0731522562029068,0.022299999999999986,0.022299999999999986
RUS,Russian Federation,0.8533,0.7766,0.9512,0.8319,92.24496346,2023,0.9224496346,0.7871262732041799,0.06617372679582004,0.7163743862303599,0.06022561376964003,1.084070026688913,0.1746000000000001,-0.1746000000000001
KGZ,Kyrgyzstan,0.7316,0.6072,0.8815,0.7061,91.04440308,2023,0.9104440307999999,0.66608085293328,0.06551914706672006,0.5528216155017599,0.05437838449824005,1.0983651560890657,0.2743,-0.2743
BTN,Bhutan,0.6511,0.5886,0.817,0.5478,90.02140045,2023,0.9002140045,0.58612933832995,0.06497066167005,0.5298659630487,0.0587340369513,1.1108469708327005,0.22839999999999994,-0.22839999999999994
KAZ,Kazakhstan,0.9009,0.939,0.9235,0.8403,92.87846096,2023,0.9287846096,0.83674205478864,0.06415794521136002,0.8721287484143999,0.06687125158560002,1.0766758941351002,0.015499999999999958,0.015499999999999958
BLR,Belarus,0.7445,0.576,0.9156,0.7419,91.51249979,2023,0.9151249979,0.6813105609365501,0.06318943906345,0.5271119987903999,0.04888800120959999,1.0927468950086257,0.3396,-0.3396
FIN,Finland,0.9575,0.9097,0.9791,0.9836,93.51385075,2023,0.9351385075,0.8953951209312501,0.06210487906874995,0.85069550027275,0.05900449972724995,1.0693603054304766,0.06940000000000002,-0.06940000000000002
NZL,New Zealand,0.9265,0.9453,0.8728,0.9615,93.32610321,2023,0.9332610321,0.86466634624065,0.06183365375935,0.88221165364413,0.06308834635587,1.071511576723423,0.07250000000000001,0.07250000000000001
MAR,Morocco,0.6841,0.5618,0.8827,0.6078,91.0,2023,0.91,0.6225310000000001,0.061568999999999985,0.511238,0.05056199999999998,1.0989010989010988,0.3209000000000001,-0.3209000000000001
USA,United States of America,0.9195,0.9136,0.9605,0.8842,93.52559662,2023,0.9352559662000001,0.8599678609209,0.05953213907909994,0.85444985072032,0.05915014927967994,1.0692260045803919,0.04690000000000005,-0.04690000000000005
SGP,Singapore,0.9691,0.9831,0.9881,0.9362,94.28518987,2023,0.9428518987,0.9137177750301699,0.05538222496983003,0.92691770161197,0.05618229838803003,1.0606119597137107,0.0050000000000000044,-0.0050000000000000044
KIR,Kiribati,0.4572,0.3904,0.3544,0.6269,88.0,2023,0.88,0.40233599999999997,0.054863999999999996,0.343552,0.046848,1.1363636363636365,0.03600000000000003,0.03600000000000003
BHS,Bahamas,0.7143,0.5402,0.8652,0.7376,92.38729858,2023,0.9238729858000001,0.6599224737569401,0.05437752624305993,0.49907618692916006,0.04112381307083995,1.08239987029611,0.32499999999999996,-0.32499999999999996
JOR,Jordan,0.6849,0.7591,0.6499,0.6458,92.53443944,2023,0.9253443944,0.63376837572456,0.05113162427543996,0.70242892978904,0.05667107021095996,1.0806787246476024,0.10919999999999996,0.10919999999999996
CAN,Canada,0.8452,0.8552,0.8078,0.8725,94.14530182,2023,0.9414530182,0.79571609098264,0.04948390901735996,0.80513062116464,0.05006937883535996,1.0621878953789305,0.0474,0.0474
CHL,Chile,0.8827,0.8612,0.9455,0.8413,94.45742345,2023,0.9445742344999999,0.8337756767931499,0.0489243232068501,0.8134673307513999,0.0477326692486001,1.0586780408311043,0.08430000000000004,-0.08430000000000004
BEL,Belgium,0.8121,0.7224,0.8698,0.8442,94.62625074,2023,0.9462625074000001,0.7684597822595401,0.04364021774045995,0.6835800353457601,0.03881996465423996,1.0567892019178187,0.14739999999999998,-0.14739999999999998
GBR,United Kingdom of Great Britain and Northern Ireland,0.9577,0.9535,0.9747,0.945,95.44719696,2023,0.9544719696,0.91409780528592,0.04360219471407997,0.9100890230136001,0.04341097698639998,1.0476997039725324,0.021199999999999997,-0.021199999999999997
AUT,Austria,0.9065,0.8383,0.981,0.9003,95.33467117,2023,0.9533467117,0.8642087941560499,0.04229120584395003,0.79919054841811,0.03910945158189003,1.0489363289634768,0.14269999999999994,-0.14269999999999994
ESP,Spain,0.9206,0.9054,0.9603,0.8961,95.44564516,2023,0.9544564516,0.87867260934296,0.041927390657039966,0.8641648712786401,0.04123512872135997,1.047716737964999,0.05490000000000006,-0.05490000000000006
OMN,Oman,0.8576,0.8077,0.9674,0.7977,95.25170135,2023,0.9525170135000001,0.8168785907776,0.040721409222399946,0.7693479918039501,0.03835200819604995,1.0498500140438698,0.15970000000000006,-0.15970000000000006
SWE,Sweden,0.9326,0.8836,0.9868,0.9275,95.70327461,2023,0.9570327460999999,0.8925287390128599,0.0400712609871401,0.84563413445396,0.0379658655460401,1.0448963257266752,0.10319999999999996,-0.10319999999999996
AND,Andorra,0.6893,0.478,0.9231,0.6668,94.21499634,2023,0.9421499634,0.64942396977162,0.039876030228379995,0.45034768250519996,0.027652317494799992,1.0614021534228295,0.44510000000000005,-0.44510000000000005
AUS,Australia,0.9577,0.9222,0.9509,1.0,96.1160965,2023,0.9611609649999999,0.9205038561804999,0.03719614381950007,0.886382641923,0.035817358077000074,1.0404084606161674,0.028699999999999948,-0.028699999999999948
IRL,Ireland,0.9138,0.8768,0.9599,0.9046,96.8660965,2023,0.968660965,0.8851623898169999,0.028637610183000012,0.849321934112,0.027478065888000013,1.0323529450781574,0.08309999999999995,-0.08309999999999995
NLD,Netherlands,0.9538,0.9212,0.9715,0.9688,97.00680272,2023,0.9700680272,0.9252508843433599,0.028549115656640037,0.89362666665664,0.027573333343360037,1.030855539983516,0.05030000000000001,-0.05030000000000001
KOR,Republic of Korea,0.9679,1.0,0.9917,0.912,97.41597478,2023,0.9741597478,0.94288921989562,0.02501078010437997,0.9741597478,0.02584025219999997,1.0265256825262556,0.008299999999999974,0.008299999999999974
CHE,Switzerland,0.9004,0.8408,0.9576,0.9026,97.34436623,2023,0.9734436623,0.87648867353492,0.02391132646507999,0.81847143126184,0.022328568738159988,1.0272808162695868,0.11680000000000001,-0.11680000000000001
ISL,Iceland,0.9671,0.9076,0.9983,0.9953,97.94860077,2023,0.9794860076999999,0.9472609180466699,0.01983908195333006,0.8889815005885199,0.018618499411480055,1.020943629759623,0.0907,-0.0907
MYS,Malaysia,0.8111,0.728,0.9862,0.7192,97.69272633,2023,0.9769272633,0.79238570326263,0.01871429673736999,0.7112030476824,0.01679695231759999,1.0236176607683787,0.2582,-0.2582
SMR,San Marino,0.6551,0.3575,0.9491,0.6587,97.33640289,2023,0.9733640289000001,0.63765077533239,0.017449224667609956,0.34797764033175,0.009522359668249976,1.0273648607398214,0.5916000000000001,-0.5916000000000001
LIE,Liechtenstein,0.8528,0.7416,0.9906,0.8263,98.13230133,2023,0.9813230133,0.83687226574224,0.01592773425775996,0.72774914666328,0.013850853336719966,1.0190324556204922,0.249,-0.249
QAT,Qatar,0.8244,0.7655,0.9963,0.7114,98.15229797,2023,0.9815229797,0.8091675444646801,0.015232455535319983,0.75135584096035,0.014144159039649985,1.0188248473873198,0.2308,-0.2308
DNK,Denmark,0.9847,0.9992,0.9966,0.9584,98.77559197,2023,0.9877559197,0.97264325412859,0.012056745871410016,0.98696571496424,0.012234285035760016,1.012395856158188,0.0025999999999999357,0.0025999999999999357
NOR,Norway,0.9315,0.9117,0.9654,0.9175,99.00000258,2023,0.9900000258,0.9221850240327,0.009314975967299985,0.9025830235218599,0.009116976478139985,1.0101009837771662,0.05370000000000008,-0.05370000000000008
MCO,Monaco,0.7175,0.4838,0.9171,0.7515,98.87049866,2023,0.9887049866,0.7093958278855,0.00810417211450004,0.47833547251708,0.005464527482920026,1.0114240481772443,0.4333,-0.4333
BRN,Brunei Darussalam,0.7554,0.5802,0.9868,0.6991,98.97039795,2023,0.9897039795000001,0.7476223861143001,0.007777613885699918,0.5742262489059001,0.005973751094099937,1.0104031313536816,0.40659999999999996,-0.40659999999999996
LUX,Luxembourg,0.8466,0.7555,0.9888,0.7955,99.34785707,2023,0.9934785707,0.8410789579546201,0.0055210420453799935,0.75057306016385,0.004926939836149994,1.0065642375108352,0.23330000000000006,-0.23330000000000006
KWT,Kuwait,0.7812,0.6366,0.9988,0.7083,99.74731125,2023,0.9974731124999999,0.7792259954849999,0.0019740045150000583,0.6349913834175,0.0016086165825000475,1.0025332888358933,0.36219999999999997,-0.36219999999999997
BHR,Bahrain,0.9196,0.9031,0.9877,0.868,100.0,2023,1.0,0.9196,0.0,0.9031,0.0,1.0,0.08460000000000001,-0.08460000000000001
SAU,Saudi Arabia,0.9602,0.99,0.9841,0.9067,100.0,2023,1.0,0.9602,0.0,0.99,0.0,1.0,0.005900000000000016,0.005900000000000016
ARE,United Arab Emirates,0.9533,0.9163,1.0,0.9436,100.0,2023,1.0,0.9533,0.0,0.9163,0.0,1.0,0.0837,-0.0837
PRK,Democratic People's Republic of Korea,0.232,0.0291,0.1745,0.4924,,,,,,,,,0.14539999999999997,-0.14539999999999997
WSM,Samoa,0.4899,0.3638,0.4607,0.6453,,,,,,,,,0.09689999999999999,-0.09689999999999999
SSD,South Sudan,0.1191,0.1504,0.0547,0.1521,,,,,,,,,0.09570000000000001,0.09570000000000001
SDN,Sudan,0.2759,0.1293,0.4392,0.2593,,,,,,,,,0.30989999999999995,-0.30989999999999995
SYR,Syrian Arab Republic,0.3888,0.3068,0.4426,0.4169,,,,,,,,,0.13579999999999998,-0.13579999999999998
TKM,Turkmenistan,0.4757,0.2506,0.5151,0.6614,,,,,,,,,0.2645,-0.2645
TUV,Tuvalu,0.4043,0.1944,0.472,0.5463,,,,,,,,,0.27759999999999996,-0.27759999999999996
VUT,Vanuatu,0.5427,0.4769,0.6165,0.5347,,,,,,,,,0.13960000000000006,-0.13960000000000006
YEM,Yemen,0.2318,0.1377,0.2905,0.267,,,,,,,,,0.1528,-0.1528
